title,category,pred_trigram_tfidf_kmeans,pred_word_tfidf_kmeans,pred_fasttext_kmeans,pred_sentencebert_kmeans,pred_supervised_naivebayse,pred_bert_kmeans
【特集】パナソニックが力を入れる「ビューティ」家電,kaden-channel,1,0,1,7,kaden-channel,2
兼用アンテナ搭載の「Viewer Dock」が同梱！シャープのドコモ向けハイエンドエンタメ系スマートフォン「AQUOS PHONE sv SH-10D」を写真と動画でしっかりチェック【レポート】,smax,1,4,5,7,smax,4
東京23区女ひとり風呂 vol.04「文京区・銭湯後はこの一杯！」Presented by ゆるっとcafe,dokujo-tsushin,1,0,5,5,dokujo-tsushin,3
カンニング竹山のツイッターが炎上状態に,topic-news,1,0,8,0,topic-news,8
「20代よりも30代の方が楽しい」広末涼子の“可愛さ”のヒミツ,movie-enter,1,0,7,8,dokujo-tsushin,3
2012年はどうなる？タイの大洪水の影響が長引きパソコン出荷台数が減少か【話題】,kaden-channel,1,2,1,4,kaden-channel,8
梅村ゆずの結婚どころじゃないんですっ！vol.7『うっかりできちゃった末っ子、ゆず』Presented by ゆるっとcafe,dokujo-tsushin,1,6,8,3,dokujo-tsushin,3
きれいに洗えない！　期待はずれだった家電ナンバー１は食器洗い機【話題】,kaden-channel,1,6,1,0,kaden-channel,3
毎日新聞の「情報を市民に取り戻す」発言に非難殺到,topic-news,1,0,0,0,topic-news,8
2012年、女子的ヒット予想！,peachy,1,0,7,6,movie-enter,2
崖っぷち独女たちのギリギリ話,dokujo-tsushin,1,0,8,3,dokujo-tsushin,3
憧れのオシャレ家電をお得にゲット！　「アマダナ」福袋2012予約受付スタート【売れ筋チェック】,kaden-channel,2,0,4,4,kaden-channel,2
上部タブが追加されてさらにできるようになった“俺だけポータル”「ライフリスト」,it-life-hack,1,0,6,4,it-life-hack,2
「一番アカン日！」司会の今田耕司も嘆くフジテレビの大晦日は大コケ！　視聴率はまさかの一桁【話題】,kaden-channel,1,2,1,0,kaden-channel,8
【Sports Watch】ミニスカ姿に苦情？ 山岸舞彩アナに「肩さんもいよいよメジャー」,sports-watch,7,3,8,0,sports-watch,1
将来のノートパソコンの厚みは? 薄型化の限界はどこまで【デジ通】,it-life-hack,8,0,0,4,it-life-hack,4
“スーパー女子高生”土井、陸上界の美女アスリート市川＆木村らが意気込み語る,sports-watch,1,0,3,6,sports-watch,1
私が楽しむバレンタイン “スイーツマルシェ 〜お菓子市場〜”,peachy,1,0,8,5,peachy,0
独女的映画レビュー vol.4 『幸せのレシピ』,dokujo-tsushin,1,8,5,6,dokujo-tsushin,6
何だそうだったのか！Googleロゴがキノコになっている理由,it-life-hack,1,0,6,2,it-life-hack,5
加藤夏希、マリエによる“おんなのこ革命。”　神戸コレクション ′10S/S,peachy,1,0,5,6,peachy,6
写真の中に「人」がいる！美し過ぎる愛娘を通して人を撮る写真家に極意を見た【NEXT GENERATIOIN】,it-life-hack,1,0,4,6,it-life-hack,3
【Sports Watch】スエマエの五輪後、前田は「人間不信になった感じ」,sports-watch,7,3,1,0,sports-watch,1
ヱヴァスマホ「SH-06D NERV」に同梱される専用リアカバーが公開！特設サイトがリニューアル,smax,1,0,5,7,smax,4
【オトナ女子のリアルな悩み】付き合う相手はいつも外国人男性…日本人男性を選べない理由とは,dokujo-tsushin,1,0,1,3,dokujo-tsushin,3
かわいい頑張り屋さんロボ「じゅくすい君」は睡眠時無呼吸症候群の患者を顔をたたいてサポート【話題】,kaden-channel,1,2,8,8,kaden-channel,3
【プレゼント】戦乱に埋もれた驚きの大逆転の実話を描く！映画『のぼうの城』ジャパンプレミアにご招待,movie-enter,1,8,1,1,movie-enter,6
六本木交差点に登場した、オシャレでちょっと不気味な“スマイル”の正体とは？,peachy,1,2,6,6,dokujo-tsushin,5
【Sports Watch】巨人・坂本のエラーに苦言「言い訳できないでしょ、あれ」,sports-watch,7,3,1,0,sports-watch,1
友人代表のスピーチ、独女はどうこなしている？,dokujo-tsushin,1,0,6,3,dokujo-tsushin,5
世界的に注目のムーブメント “zine”を体験！　カメラがもっと楽しくなった,peachy,1,0,3,8,peachy,2
ネットで悪口を書かれたらどうすればいい？,dokujo-tsushin,1,7,6,0,topic-news,5
悪魔も恐れるあの“燃焼系”ヒーローが還ってきた！ニコラス・ケイジ主演『ゴーストライダー2』公開日&特報予告が解禁,movie-enter,1,0,7,1,movie-enter,6
Google、コンテンツ配信サービス「Google Play」にてアプリ開発者がコメントに返信できる機能を追加,smax,1,0,4,4,smax,4
KFCのビスケットをアレンジして春の女子会を楽しもう！,peachy,1,0,8,5,peachy,0
思わずパッケージ買いしたくなる！　韓国の可愛いリップクリーム,peachy,1,0,6,5,peachy,3
ジョニデが常識はずれのヴァンパイアに！  『ダーク・シャドウ』予告映像に注目,movie-enter,1,0,8,0,movie-enter,6
今後はどうなる？ 結納という儀式,dokujo-tsushin,1,0,6,2,dokujo-tsushin,5
浅田真央の著書が突然の発売中止に,topic-news,1,0,7,0,sports-watch,8
NTTドコモ、Xi対応ハイスペックスマホ「GALAXY SIII SC-06D」を6月28日に発売予定！6月17日から事前予約開始,smax,1,4,2,7,smax,4
映画「けいおん!」がスティーブン・スピルバーグ氏監督の映画「タンタンの冒険」の興収に肉薄,topic-news,1,8,3,8,movie-enter,6
スマホで熱中症を避ける【デジ通】,kaden-channel,8,4,5,7,it-life-hack,2
ついに本日、発売開始！パナソニック、最強カスタマイズの「レッツノートSX1」開封レポート,it-life-hack,1,0,7,7,smax,4
動画インタビュー：スカーレット・ヨハンソン「“魔性の女スパイ”の本当の姿が明らかに」,movie-enter,1,0,3,6,movie-enter,6
「重たい女」にならないためには？,dokujo-tsushin,1,1,6,3,dokujo-tsushin,5
静止画なのに動いて見える！？摩訶不思議な不思議体験できる「目が目がぁぁああ」【iPhoneアプリ】,smax,6,0,1,4,smax,2
自転車女子、はじめましたvol.03「ニコタマポタガール!？」Presented by ゆるっとcafe,dokujo-tsushin,1,0,8,6,dokujo-tsushin,3
感謝を込めて贈りたい！歴女とっておきの”幕末ショコラ”,peachy,1,0,3,8,peachy,0
どちらが勝つのか？ “ロックバンド”と“紙芝居”の異種創作バトル,movie-enter,1,0,3,1,movie-enter,5
ミラーレス一眼のメリット・デメリットとは？【いまさら聞けないデジカメ】,kaden-channel,1,6,1,0,kaden-channel,2
【Sports Watch】澤村の交際は“異例中の異例”、森アナは番組降板へ,sports-watch,7,3,3,2,sports-watch,1
驚くほど長寿命な無線式！3年半も電池交換が不要なマウス,it-life-hack,1,0,7,7,sports-watch,2
【2月号記事連動】モーション・コントロール・タイムラプスの作例【ビデオSALON】,kaden-channel,1,0,2,1,kaden-channel,2
大槻教授、たけしの番組の“やらせ”を暴露,topic-news,1,0,3,1,topic-news,8
高岡蒼佑が宮崎あおいと岡田准一を挑発　「今度はジャニーズと戦うのか」の声,topic-news,5,0,6,0,topic-news,1
特集｜ギリシャ九日間二人旅,livedoor-homme,1,0,2,2,sports-watch,0
あなたはどう思う？ 結婚後も自分のためだけにお金を使いたい男たち,dokujo-tsushin,1,0,6,3,dokujo-tsushin,5
エコタクドットコム、iPhoneをはじめとするスマートフォンの修理やグッズを扱う「SMART Echika 池袋店」をオープン！,smax,6,8,8,7,smax,4
あの名作に隠された秘密！スラムダンクの秘密　完全版【iPhoneでチャンスを掴め】,it-life-hack,6,0,1,2,it-life-hack,2
「今は無事だが原発事故が東京に20年後影響」がネットで話題,topic-news,1,7,7,8,topic-news,8
Facebookの基本機能と活用法- 転職活動に役立つ！ソーシャルメディア活用術 vol.9,livedoor-homme,1,0,5,4,livedoor-homme,2
auのスマホに強い味方！KDDI au ARROWS Z ISW11F用スタンダード大容量バッテリー【モバステ通信】,it-life-hack,0,4,5,7,it-life-hack,7
『ダーク・シャドウ』で来日するジョニー・デップに会える！　最新映像もついに公開,movie-enter,1,8,7,1,movie-enter,6
あの頃、携帯電話があったなら……,dokujo-tsushin,1,1,6,7,kaden-channel,5
グーグルプラスで衝撃！　AKB前田敦子が顔面センターをついに持ちネタ化し好感度アップ【話題】,kaden-channel,1,2,4,6,kaden-channel,1
日本3Dメガネドレッサー賞で仰天発言「3Dメガネで安めぐみの体を見たい」,movie-enter,1,5,7,8,movie-enter,3
ネット中毒者の脳は損傷していることが判明,topic-news,1,7,6,0,topic-news,8
【Sports Watch】ダルビッシュと川崎宗、試合後にツイッターで激励,sports-watch,7,3,5,2,sports-watch,1
うまいビールが飲みたい！【livedoorHOMME“酒特集” | vol.01】,livedoor-homme,1,0,1,8,livedoor-homme,2
スザンヌ、斉藤との夜の夫婦生活に言及,sports-watch,1,0,0,3,topic-news,0
【Sports Watch】浅田真央「恋したい」発言に上田＆江川がツッコミ,sports-watch,7,3,1,6,sports-watch,1
男に捨てられる女の特徴／100年の恋も冷める女の態度など−【お気に入り登録記事】週間ランキング,peachy,1,0,1,3,peachy,3
NTTドコモ、コンパクトなXi対応全部入りスマホ「Optimus it L-05D」を6月30日に発売予定！6月22日から事前予約開始,smax,1,4,2,7,smax,4
髪以外に白髪発見！ あなたはどこに？,dokujo-tsushin,1,0,0,0,dokujo-tsushin,5
二股をする気持ちもわかってしまう映画,movie-enter,1,8,6,0,dokujo-tsushin,3
人気アイドルが被害に！　防犯カメラの画像がツイッターにさらされる【話題】　,kaden-channel,1,2,1,6,kaden-channel,2
レイプ犯がFacebookから逮捕！　犯人が警察に絡み、場所が判明【話題】,kaden-channel,1,2,1,1,kaden-channel,8
注目される進化した“ディーゼル車”とは？,livedoor-homme,1,0,6,2,dokujo-tsushin,5
NTTドコモ、ARROWS Tab LTE F-01Dに充電状態で満充電後に充電が再開されない不具合などでソフトウェア更新を提供開始,smax,0,4,5,7,smax,4
【Sports Watch】次世代美女なでしこ田中、代表入りに「気持ち的には絶対メンバーに入る」,sports-watch,7,3,0,6,sports-watch,1
オトナ女子のご褒美に！ゴージャスコフレ,peachy,1,0,8,6,dokujo-tsushin,0
約2倍の広さで日本最大級規模！　ヨドバシカメラ梅田店が新ビルを建設へ【話題】,kaden-channel,1,5,7,4,kaden-channel,8
陸上界のニューヒロイン＝22歳・西原加純。千葉駅伝では3人抜きの快走,sports-watch,1,0,7,6,movie-enter,1
NTTドコモ、AQUOS PHONE st SH-07Dにブラウザを長時間利用するとまれに強制終了する不具合などでソフトウェア更新を提供開始,smax,1,4,5,7,smax,4
【DVDエンター！】世界で最もセクシーな美女も登場、映画史上最高の3D,movie-enter,1,8,7,6,movie-enter,6
【韓国ニュース】韓国ネット掲示板で広まる桜韓国起源説　「花見をする時は韓国に感謝しろ」の声も,topic-news,1,7,1,2,topic-news,8
【オトナ女子映画部】男性版“セックス・アンド・ザ・シティ”で恋愛温度を上げる『モテキ』,dokujo-tsushin,1,8,5,6,dokujo-tsushin,3
QRコードやマクロ、広角も撮影自由自在！—サンワダイレクト「ｉＰｈｏｎｅ４Ｓ・４　マクロ＆ワイドレンズキット４００−ＣＡＭ０１２」【売れ筋チェック】,kaden-channel,2,0,5,7,kaden-channel,4
渋谷・原宿にサプライズ登場する「もう1人の道端ジェシカ」をパパラッチ！,peachy,1,8,8,2,dokujo-tsushin,6
フリーズする！充電が持たない！！　順調に苦情が増えているマイクロソフトのクレームキャンペーン【話題】,kaden-channel,1,6,4,0,kaden-channel,8
iPhoneに知らない間に中華製課金アプリがダウンロード,topic-news,6,6,0,0,it-life-hack,2
低コストで暑苦しい夜でも快眠できる方法／夏には絶対NGなお弁当おかず−【ライフスタイル】週間ランキング,peachy,1,0,1,5,peachy,3
職場内の整理・整頓すらできない大阪府職員に「小学校から出直せ」,topic-news,1,6,0,0,dokujo-tsushin,8
実現したら嬉しいかも！反射神経でバスを素早く止めるゲーム「つぎとまります」【Androidアプリ】,smax,3,0,4,8,smax,2
ゆうこりん、ハワイでの結婚写真を公開,topic-news,1,0,0,8,dokujo-tsushin,0
ThinkPad X1風アイソレーションタイプへ！ ThinkPad新シリーズのキーボード一大変更,it-life-hack,1,0,5,7,it-life-hack,4
ドコモのスマホに強い味方！ドコモ AQUOS PHONE SH-01D対応大容量バッテリー【モバステ通信】,it-life-hack,1,4,5,7,it-life-hack,4
観る者も振り回される、映画『桐島、部活やめるってよ』の予告映像が公開,movie-enter,1,8,6,0,movie-enter,5
【話題】女の子は誰でも好きな「ガチピンク」！人気モデルがドコモのスマホをアピール,kaden-channel,1,4,1,6,kaden-channel,2
動物好きなアナタに！ iPhoneを動物図鑑にしてくれるアプリ【iPhoneでチャンスを掴め】,it-life-hack,6,0,4,8,it-life-hack,2
寺島しのぶと沢尻エリカの“壮絶バトル”に「炎上商法か」の声,topic-news,5,0,3,0,movie-enter,1
香川、移籍のうわさを完全に否定,sports-watch,1,0,0,0,sports-watch,8
2010 日本レースクイーン大賞グランプリは美波千夏さんに決定！,livedoor-homme,1,5,8,6,peachy,1
診断ツールでパソコンを高速化！アプリで劇的に高速化するPC裏技【知っ得！虎の巻】,it-life-hack,1,8,4,4,it-life-hack,2
「リーダー」機能は意外に便利！ iOSのSafariを上手に使う方法【デジ通】,it-life-hack,8,0,4,4,it-life-hack,2
【Sports Watch】長谷部、チャリティーマッチは「自分達が行動を起こすことに意味がある」,sports-watch,7,3,1,2,sports-watch,1
NY名物イベントが日本でも！名店グルメを気軽に楽しむ,peachy,1,5,0,5,movie-enter,0
【Shine! vol.02】いまの自分があるのは「中国」のおかげです（株式会社三陽商会 安田繭さん）,livedoor-homme,1,0,1,5,livedoor-homme,1
「嵐・櫻井翔がファンの携帯叩き落し騒然」にファン「捏造だ」,topic-news,1,0,3,0,sports-watch,8
乃木坂46の握手会　過疎の“惨状”報告が相次ぎファンから戸惑いの声,topic-news,1,2,3,0,sports-watch,8
発売開始！NTTドコモの女子力アップスマートフォン「F-09D ANTEPRIMA」をとりあえず充電してみた！Qi対応のおくだけ充電はとっても便利【レビュー】,smax,1,4,4,7,smax,4
“就職先人気企業ランキング2012”の商社人気に疑問の声,topic-news,1,0,3,4,topic-news,8
「PCがウイルスに感染。ごまかせる？」 - 辛口説教部屋 vol.49,livedoor-homme,1,0,8,0,livedoor-homme,3
すっぴんで写ってもコフレドールの色味でメイクしてくれるパナソニック「ＬＵＭＩＸ　ＤＭＣ−ＦＸ８０」—コラボキャンペーンのヒミツが2月16日から解禁【話題】,kaden-channel,1,2,7,8,kaden-channel,2
【Sports Watch】ナベツネの強行にストップをかけた阪神・新井の影に古田敦也,sports-watch,7,3,5,2,sports-watch,1
“おいしい”節約で、がんばる自分へのご褒美をグレードアップ！,peachy,1,0,3,5,peachy,0
【話題】ニッポン放送で明日「Windows Phone祭り」が開催！,kaden-channel,6,2,1,1,smax,2
連載●一眼流映像表現術 第21回【ビデオSALON】,kaden-channel,1,0,2,1,kaden-channel,2
【国内初！クアッドコアCPU搭載スマホ「ARROWS X F-10D」「ARROWS Z ISW13F」特集】,smax,0,4,5,7,smax,7
「トゥース！」ならぬ「血ぃ〜吸ぃ〜！」、オードリーが映画『フライトナイト』をPR,movie-enter,1,1,1,8,movie-enter,1
嘘泣きじゃない！　柳美里が北朝鮮市民の涙のワケを解説【話題】,kaden-channel,1,6,1,0,kaden-channel,3
【Sports Watch】ダルビッシュが斎藤佑を遠ざける理由？,sports-watch,7,3,1,0,sports-watch,1
波乱の恋のドキドキ映画で恋のボルテージを上げる！,peachy,1,8,0,6,peachy,0
秘密の洋館で過ごす“うっとろりんな休日”を体験！,peachy,1,0,3,8,peachy,0
【特集】Paul Smith | ポール・スミスが提案するスーツの現在進行形[2/5],livedoor-homme,1,8,2,2,livedoor-homme,2
4割の男性が「女性の肌でゲンメツ」?!　モテ肌を作るファンデーション,peachy,1,7,0,3,peachy,3
【韓国ニュース】「ワンピース」のディズニー風イラストが韓国で話題に,topic-news,1,2,1,1,topic-news,8
帰国翌日には湯郷Belleの練習に参加していた宮間あや,sports-watch,1,0,6,8,topic-news,1
SCE、PlayStation Suiteを「PlayStation Mobile」に名称変更！新しくHTCも参入決定,smax,1,0,8,2,smax,7
韓国の竹島活動家、ヒトラーの言葉を引用し過激な主張を,topic-news,1,0,0,0,topic-news,8
タテとヨコ、引きと寄りで最高の１枚を！いつもの写真をワンランクアップしてかわいい写真を撮る方法【スタイリング講座】,kaden-channel,1,0,4,8,kaden-channel,2
おはこんこん！紺子ぬいぐるみ、まんまるなお目々で進行中です【紺子にゅうす】,it-life-hack,1,0,1,2,it-life-hack,3
Excel操作を簡略化！　ドラッグ＆ドロップでシート間コピー【知っ得！虎の巻】,it-life-hack,1,0,4,2,it-life-hack,2
【Sports Watch】逆境の連続、なでしこジャパンの優勝に川澄・父「信じてあげるのが親」,sports-watch,7,3,1,2,sports-watch,1
短期滞在でも渡航先でスマートフォンを使おう！韓国旅行でWiBroを試した【レビュー】,smax,1,0,4,7,smax,2
今日は、そういう日だったのか！Googleロゴが馬の写真である理由,it-life-hack,1,0,6,2,it-life-hack,5
悩み多きランチ問題,dokujo-tsushin,1,0,0,3,peachy,3
古き良き日本文化を伝承する「お正月ニッポンプロジェクト」に注目,dokujo-tsushin,1,5,0,2,kaden-channel,0
iPhone5の発表に期待！　毎年恒例Apple WWDCは6月11日から開催【ニュース】,kaden-channel,6,2,2,2,kaden-channel,2
本日発売開始のカメラ重視スマホ大本命！新ブランドになったパナソニックスマートフォン「ELUGA V P-06D」のカメラ機能を試してみた【レビュー】,smax,1,4,5,7,smax,4
【オトナ女子のリアルな悩み】同時に2人好きになってしまいました,dokujo-tsushin,1,0,4,3,dokujo-tsushin,3
"7インチタブレット「eden TAB」の3G対応モデルが8月上旬発売へ！価格は34,800円",smax,1,0,2,7,smax,4
「好きよ、抱いて！」、映画『モテキ』着信ボイスを無料配信,movie-enter,1,8,6,8,movie-enter,0
面接はあくまで“ノリ”重視 その違いが不幸を招く-人事担当者がこっそり教える採用ウラ話 vol.9,livedoor-homme,1,0,3,0,livedoor-homme,3
Windows 8 Proが1200円！ 「Windows 8 優待購入プログラム」【デジ通】,it-life-hack,8,0,5,7,it-life-hack,4
【Sports Watch】紗栄子に急接近する「新たな男」の存在とは？,sports-watch,7,3,1,6,sports-watch,5
2011年こそ結婚したい！　独女・独男の婚活事情,dokujo-tsushin,1,0,8,3,peachy,3
三浦皇成＆ほしのあき夫婦で出演。三浦はオノロケ「ボクの事が1番好き」,sports-watch,1,0,8,8,sports-watch,1
電子黒板機能付きやワイヤレス、新世代液晶プロジェクター今度は日立から新商品【売れ筋チェック】,kaden-channel,2,0,5,4,kaden-channel,4
ジャストシステム、タブレット向けインターフェースを搭載した「ATOK for Android」の新バージョンをリリース！3ヶ月無料キャンペーンも開始,smax,1,4,5,7,smax,4
若者の間で社会現象を巻き起こした名作『池袋ウエストゲートパーク』がBeeマンガに,movie-enter,1,0,0,1,peachy,6
感覚・体験を共有する　タッチ・インターネットが拓く未来（２）【テレスコープマガジン】,kaden-channel,1,8,1,4,kaden-channel,2
富士通、ARROWS X F-10DやREGZA Phone T-02Dなどの購入者向けにポケットチャージャー02などを先着でプレゼントするキャンペーンを実施,smax,0,4,5,7,smax,7
【ニュース】ソフトバンク、冬春モデルを発表、スマホ11機種をラインアップ,kaden-channel,1,4,5,7,smax,4
彼を虜にできる? “スパイス”を上手に使うコツ,peachy,1,0,3,5,it-life-hack,3
【Sports Watch】予選で爆発、「やっぱりかわいい」川澄奈穂美,sports-watch,7,3,5,6,sports-watch,1
【Sports Watch】カズぶっちゃけ「息子が不二子ちゃんの服脱がして……」,sports-watch,7,3,1,2,sports-watch,3
“来場者ガールズで見る”東京ガールズコレクション 2011 レポート,peachy,1,0,8,6,peachy,1
中川翔子がジャッキー作品の吹き替えキャストに選ばれる,movie-enter,1,0,0,6,movie-enter,6
「働かずパチンコ」…いわき市長が避難民を批判する“タブー”発言で波紋広がる,topic-news,1,8,3,0,topic-news,8
藤井＆垣岩ペア、準決勝がアウェーだった意外なワケ？,sports-watch,1,0,6,2,sports-watch,3
『ニューイヤーズ・イブ』出演のボン・ジョヴィ、サラ・ジェシカ・パーカーらの特別映像が解禁,movie-enter,1,0,8,1,movie-enter,6
生放送ドッキリで語った指原、ネットの反応は？,topic-news,1,7,6,0,topic-news,8
メモ型クラウドサービス「Droplr」 備忘録やブックマークに使える【デジ通】,it-life-hack,8,0,5,4,it-life-hack,2
「金利で選ぶなら南ア・ランドがお得!?」高学歴女子が出した結論とは？,livedoor-homme,1,1,6,3,dokujo-tsushin,5
【Sports Watch】ノムさん、日本人選手のメジャー挑戦に「本当はお金ですよ」,sports-watch,7,3,1,2,sports-watch,1
『荒川アンダーザブリッジ』プレミアイベントに林遣都、桐谷美玲、安倍なつみらキャストが大集合,movie-enter,1,0,8,1,movie-enter,6
３つのポイントでオシャレな写真を撮ろう！　モノクロのすすめ【カメラ生活】,kaden-channel,1,0,1,8,kaden-channel,2
【Sports Watch】波紋呼ぶ脇谷のコメント。ダルビッシュは「間違ってはないと思います」,sports-watch,7,3,1,2,sports-watch,1
【Sports Watch】新潟×川崎で2年連続のハプニング、レインガンが観客席へ,sports-watch,7,3,2,2,sports-watch,1
【終了しました】簡単スキンケアの国産オーガニックコスメ「chant a charm」をセットで3名様にプレゼント,peachy,1,0,4,5,peachy,2
2回目の出会いって重要？,dokujo-tsushin,1,0,7,2,dokujo-tsushin,5
ジェームズ・キャメロンの来日が決定！ 『タイタニック3D』は成功するのか,movie-enter,1,8,7,2,it-life-hack,6
美噌元の大人気お味噌汁シリーズ新商品「トマトとオクラ」を5名様にプレゼント,peachy,1,0,8,5,peachy,2
本心を言わないのは思いやりか？,dokujo-tsushin,1,6,6,0,dokujo-tsushin,5
ワインにチーズを合わせて、大人のパーティ！,peachy,1,0,8,5,peachy,0
衝撃の実話、世界最強の特殊部隊と世界最高の暗殺者が対決,movie-enter,1,0,0,2,movie-enter,5
連載●極・ト書き一行のカット割り! 　 第5回【ビデオSALON】,kaden-channel,1,0,2,1,kaden-channel,2
照英、『カウボーイ＆エイリアン』の宣伝ナビゲーターに就任し「涙が出るほど感動した」,movie-enter,1,0,6,8,movie-enter,1
ザック・エフロン、映画『ニューイヤーズ・イブ』PRのため来日決定,movie-enter,1,8,7,1,movie-enter,6
【話題】地デジ化をきっかけに、テレビ離れが増加？,kaden-channel,1,2,4,4,kaden-channel,8
「恋の吊り橋理論」を試すなら、史上最叫の3Dアトラクション・ホラー『ファイナル・デッドブリッジ』をチェック,movie-enter,1,1,7,1,movie-enter,6
どうやっても貯められない30代女子の貯金改革!! Vol.5「何事もバランスが大切！ 」Presented by ゆるっとcafe,dokujo-tsushin,1,6,8,3,dokujo-tsushin,3
AppComing読者キャンペーン2012 Summer 関西エリア編！大阪のドコモショップ京橋店と兵庫の播磨太子店でドコモ端末が特価で買える,smax,1,4,5,7,smax,4
日本人は世界で11番目の「怠け者」 英医学誌が発表,topic-news,1,5,7,0,kaden-channel,8
視聴率は上がるか？　それともお茶の間が凍りつくか？　NHK大河が視聴率回復へ向けて濡れ場投入【話題】,kaden-channel,1,2,1,8,kaden-channel,5
武藤敬司が暴露「闘魂三銃士は仲が悪かった」,movie-enter,1,0,6,0,sports-watch,1
「超大型画面」は救世主となるか!?シャープが80型液晶テレビと電子看板用ディスプレーを立て続けに発表【話題】,kaden-channel,1,2,1,4,kaden-channel,4
非接触充電にも対応した“全部入り”スマートフォン！「ARROWS X F-10D」を写真と動画でチェック【レポート】,smax,0,4,5,7,smax,4
【終了しました】新しい時代の青春映画最高傑作が誕生！『桐島、部活やめるってよ』キャスト舞台挨拶付き試写会に10組20名様をご招待,peachy,1,8,1,1,peachy,6
スマホをシェイクしてお寿司が握れる！？世界中にお寿司を出前できる「ふって！世界×寿司」【Androidアプリ】,smax,3,0,4,4,smax,2
六本木で見つける本場のクリスマス雑貨,peachy,4,0,0,5,peachy,0
「ZIP!」スタッフに東野幸治が怒り「謝罪を求めます。」,topic-news,1,0,6,0,movie-enter,8
富士通、ARROWS Z ISW13F購入者に先着1万名までポータブル充電器をプレゼントするキャンペーンを実施,smax,0,4,5,7,smax,4
ファンケルが「グローバル・プレミアム・ブランド」としてリニューアル！,dokujo-tsushin,1,0,8,8,movie-enter,6
電磁波が原因！あなたはの体調不良は「電磁波過敏症」かも？【話題】,kaden-channel,1,2,1,0,kaden-channel,3
総額1.5億円の″セレブジュエリー″でマリエが登場,peachy,1,2,3,8,peachy,6
何をしても「満たされない」その理由は？,dokujo-tsushin,1,6,6,3,dokujo-tsushin,5
東京23区女ひとり風呂vol.07「目黒区・おもしろ病に冒されて」presented byゆるっとcafe,dokujo-tsushin,1,0,5,3,dokujo-tsushin,3
同窓会や女子会で大活躍！　Facebookで簡単イベント作成【知っ得！虎の巻】,it-life-hack,1,0,4,6,it-life-hack,2
キム・ヨナ、復帰宣言は“IOC選手委員になりたいという彼女の夢”!?,sports-watch,1,0,3,6,sports-watch,5
ヒゲも剃れる？最薄部3.9mm＆金属ボディーの7インチ中華パッドが発売,smax,1,0,5,2,smax,4
手ごろな価格のクーラー登場　ノートPCの熱対策はOK？第二弾,it-life-hack,1,2,7,7,it-life-hack,4
ストレスを撃退する方法／ネガティブな悪意識との付き合い方など−【ライフスタイル】週間ランキング,peachy,1,8,4,3,peachy,3
今野が明かすアジアカップ初戦の夜 「団結させたのは間違いなく長谷部」,sports-watch,1,0,6,2,sports-watch,1
フリスクより小さい！　写真・動画撮影、音声録音も可能な超小型デジタルトイカメラ「400-CAM007シリーズ」【売れ筋チェック】,kaden-channel,2,0,5,7,kaden-channel,4
この夏、東京スカイツリーが映画に,movie-enter,1,8,7,1,movie-enter,6
ネットがなくても動画がスイスイ見られるスグレモノ【iPhoneでチャンスを掴め】,it-life-hack,6,7,4,1,it-life-hack,2
長谷部誠、印税を全額被災地に寄付,sports-watch,1,0,0,8,sports-watch,8
くさったよめがあらわれた！vol.07「春だからこそ夢（妄想）みちゃうんです」presented by ゆるっとcafe,dokujo-tsushin,1,0,1,5,dokujo-tsushin,3
【Sports Watch】川島、複雑なチーム事情に「正直意味が分からない」,sports-watch,7,3,1,0,sports-watch,1
中国の倫理を問う韓国に批判,topic-news,1,0,0,0,topic-news,8
NHK『祝女』に見る現代女子の実態……、共感集まる“社交辞令女子”とは？,dokujo-tsushin,1,0,3,6,dokujo-tsushin,5
超コンパクトで充電ケーブルいらず！わずか92gのモバイルバッテリー【イケショップのレア物】,it-life-hack,1,0,5,7,it-life-hack,4
ねえ独女たち、おやじバンドをどう思う？,dokujo-tsushin,1,0,6,3,dokujo-tsushin,5
夏までにセルライトを撃退／男を虜にするプルプルな●●の作り方など−【ビューティー】週間ランキング,peachy,1,8,4,8,peachy,3
背番号7番を固辞した香川に英国ネットユーザーから賞賛相次ぐ,topic-news,1,7,7,0,topic-news,8
ローラがくりぃむ有田との熱愛を否定,topic-news,1,0,0,3,kaden-channel,1
“アニキ”金本、新井に厳しいもの言い。ダルにも言及,sports-watch,1,0,3,0,dokujo-tsushin,8
日々の出来事を楽しく記録！ 思い出スクラップとは？,dokujo-tsushin,1,0,8,8,dokujo-tsushin,5
2010年！ 女性たちの頑張り＆プチ自慢に拍手を贈ろう！,dokujo-tsushin,1,7,8,6,dokujo-tsushin,0
年収1000万円のビジネスマンに聞いた「共同購入型クーポンサイトについて」 - 年収1000万円研究所 vol.11,livedoor-homme,1,0,5,4,livedoor-homme,3
三菱電機、ＬＥＤ照明の新ブランド「ミライエ」を展開【話題】,kaden-channel,1,2,1,7,kaden-channel,4
“日本最強”のヨーロッパ組が“最強”映画に集結「チームワークの必要性を再認識」,movie-enter,1,5,3,1,movie-enter,6
【Sports Watch】マツコが暴露した“女子アナウンサーと球団”とは？,sports-watch,7,3,1,6,sports-watch,1
夏は夜がいい！熱帯夜のお出かけ特集,peachy,1,0,7,5,topic-news,0
TVF2012の入賞30作品が決定【ビデオSALON】,kaden-channel,1,0,2,1,kaden-channel,7
Androidユーザーの高いセキュリティ意識！「スマートフォン所有者のセキュリティ対策に関する実態調査」,it-life-hack,3,0,8,4,smax,2
AppComing、ドコモショップで端末をお得に購入できる「AppComing読者キャンペーン 2012 Summer」を7月28日から開催！関西・中国・四国・九州の8店舗で実施,smax,1,4,7,7,smax,4
あなたは何様ですか？ ,dokujo-tsushin,1,0,6,3,dokujo-tsushin,5
妹はAKB48!? 美しすぎる新体操選手＝サイード横田仁奈,sports-watch,1,0,5,6,topic-news,1
「結婚優遇税」提案にネットユーザーから「非リア充に対するイジメ」の声,topic-news,1,7,0,0,topic-news,8
【Sports Watch】カズ×ヒデが日テレで対談、代表戦言及も“ヒデに怒られた”,sports-watch,7,3,1,0,sports-watch,1
スマホの電池やシステムメンテナンスがまとめてできる見やすく使いやすい「SuperMobile Utilities（期間制限版）」【Androidアプリ】,smax,3,0,5,7,smax,4
“プレミアム”ウッドコーンスピーカー、ビクター「EX-AR9」限定販売,livedoor-homme,1,0,5,7,kaden-channel,4
“人類の起源”は、決して開けてはならないパンドラの箱なのか,movie-enter,1,1,6,2,dokujo-tsushin,5
ワイヤレス・テクノジー・パーク2012：日本無線ブースにてスマートフォンをITS受信機にする「スマートフォン向けITSスポット対応車載機」を出展,smax,1,4,5,7,smax,4
C-3POが名場面を紹介する『スター・ウォーズinコンサート』日本上陸,movie-enter,1,5,7,1,movie-enter,6
チェックしよう！ 一人暮らしの救急箱,dokujo-tsushin,2,0,8,3,kaden-channel,0
話題の最新スマホを活用する方法！iPhoneで使える意外と知らない技【知っ得！虎の巻】,it-life-hack,6,6,4,4,it-life-hack,2
連載●After Effects 天国への階段 第10回【ビデオSALON】,kaden-channel,1,0,2,1,kaden-channel,2
KDDI、Android 4.0 ICS搭載スマートフォン「URBANO PROGRESSO」を5月30日に発売開始！世界初スマートソニックレシーバー搭載,smax,1,4,5,7,smax,7
東京ベイクルージングで、心がときめく特別なクリスマス,peachy,4,0,0,5,peachy,0
放送事故？マツコが再び女子アナに衝撃発言,topic-news,1,0,8,0,topic-news,8
取得したRSS情報を活用して転職に活かそう！ - 転職活動に役立つ！ソーシャルメディア活用術 vol.11,livedoor-homme,1,0,4,4,livedoor-homme,2
Apple、iOS 6を発表！秋提供予定で地図アプリ維新やFacebook統合など200以上の新機能,smax,1,0,7,4,it-life-hack,4
Johan Ku（ヨハン・クー）｜“東コレ”Bestブランド探訪！,livedoor-homme,1,0,5,2,peachy,2
ハーフナー・マイク、番組のはからいに「変な汗出るわ」,sports-watch,1,0,6,0,topic-news,3
顔のいい男を「かっこいい」と褒めるのは逆効果？,dokujo-tsushin,1,0,6,8,topic-news,3
今度はiPad mini完全対応ケース！ 未発表のiPad mini完全対応ケースの先行予約販売開始,it-life-hack,1,4,5,7,it-life-hack,4
KDDI、auスマートフォン向け音楽アプリ「LISMO Player」の最新版を順次提供開始！ノイズの問題を改善,smax,1,4,0,7,smax,4
次のバケーションはトルコに決まり！,dokujo-tsushin,1,0,8,2,peachy,6
高解像度の写真で見る！キヤノンのミラーレス一眼「EOS M」はココが凄い,it-life-hack,1,0,8,8,kaden-channel,4
夢を見ると綺麗になれる——、女子力アップに“宝くじ”のワケ,dokujo-tsushin,1,0,3,6,peachy,3
一流パティシエ愛用のプロフェッショナル用チョコが期間限定発売,peachy,1,0,0,5,livedoor-homme,2
独女のカラオケ……何歌っていますか？,dokujo-tsushin,1,0,6,3,dokujo-tsushin,5
フィリピンで日本人女性2人に性的暴行を加えた韓国人を逮捕　韓国ネットユーザーからは「日本は昔、同じことをやった」,topic-news,1,7,6,2,topic-news,8
スピルバーグが挑む“感動”の物語、『戦火の馬』の日本版予告映像＆ポスター公開,movie-enter,1,5,3,1,movie-enter,6
八神蓮「好きになられて嫌な男はいない」,peachy,1,1,6,3,dokujo-tsushin,3
【Sports Watch】モデル業を捨てた卓球美少女,sports-watch,7,3,5,6,sports-watch,2
【週末映画まとめ読み】長澤まさみの胸元に「たまらん！」の声,movie-enter,5,8,1,8,movie-enter,1
年収1000万円のビジネスマンが選ぶ「新社会人に贈りたい本」ベスト20 - 年収1000万円研究所 vol.1,livedoor-homme,1,0,5,4,livedoor-homme,3
カワイイは正義！　おかもとまりさんのカワイすぎる顔真似メイキングが反則過ぎる,it-life-hack,1,0,8,0,peachy,3
「だったら子供作るなよ」青木さやかの離婚理由にネット炎上,topic-news,1,7,6,3,topic-news,8
【究極にカスタマイズされたAndroidスマートフォンが遂に登場！使いやすさに特化した「らくらくスマートフォン F-12D」特集】,smax,1,0,4,7,smax,2
【独女通信編集部】2011年記事まとめ　vol.1,dokujo-tsushin,1,0,2,6,dokujo-tsushin,8
【Sports Watch】雄星との間に何があった!? デーブ大久保氏「これが暴行って言えますか」,sports-watch,7,3,1,2,sports-watch,1
NTTドコモ、エヴァスマホ「SH-06D NERV」の発売日を6月29日に正式決定！すでに予約受付終了店舗も多数,smax,1,4,2,7,smax,4
女医が教えるオンナの体のウソホント vol.11「女性器なんてみんな違って当然！」presented by ゆるっとcafe,dokujo-tsushin,1,7,8,3,dokujo-tsushin,3
 身長が低い女性は結婚に不利？,dokujo-tsushin,1,7,0,3,dokujo-tsushin,3
SOHOや小規模事業所に最適、NETGEAR 16ポートギガビットスマートスイッチの試用企業を募集,it-life-hack,1,0,5,7,smax,4
アップルに対抗できるのか? マイクロソフトの独自タブレット【デジ通】,it-life-hack,8,0,5,4,it-life-hack,5
男子は見てる！　エチケットカットを怠らず視線から逃げない顔を作るには？【モテる家電】,kaden-channel,1,6,6,0,kaden-channel,3
角川グループがメディアファクトリーを買収,topic-news,1,0,0,4,topic-news,8
今からでも間に合う！知ったふりして映画祭デートに誘う,movie-enter,1,8,6,8,peachy,3
USBとシガーソケット電源対応加湿器GH-USB-MISTM【売れ筋チェック】,kaden-channel,2,0,5,7,kaden-channel,4
【Sports Watch】ザッケローニ 「長友はたまたまインテルに入ったわけではありません」,sports-watch,7,3,1,0,sports-watch,1
長澤まさみの胸元にハートがバクバク、モテキ「みゆきの部屋＆るみ子の部屋」,movie-enter,1,0,8,6,movie-enter,1
【Sports Watch】“鬼嫁”北斗晶、リングネームの由来とは？,sports-watch,7,3,1,2,sports-watch,1
クレーム発生！ ちゃんと対応したのに上司に怒られた　 〜「処理」と「解決」の違い〜｜実践！問題解決力テスト【第6問】 ,livedoor-homme,1,0,1,0,livedoor-homme,3
『シーン別まつげメイク塾』でアナタの目ヂカラをUP！,dokujo-tsushin,1,0,8,6,movie-enter,2
【週末映画まとめ読み】ミラ・ジョヴォヴィチなど美女の情報をまとめて紹介＜10月15日号＞,movie-enter,1,8,2,1,movie-enter,2
起動を高速化！　いらないアプリはスタートアップから外す【知っ得！虎の巻】,it-life-hack,1,6,4,4,it-life-hack,2
この秋、ブルーレイディスクプレーヤーの新製品はソニーの独壇場！？　,kaden-channel,1,0,8,1,kaden-channel,6
東芝のLEDがルーヴル美術館に登場！　１２月６日からライトアップスタート【話題】,kaden-channel,1,2,2,4,kaden-channel,2
食欲も美容も満たす！ 満足女子鍋,peachy,1,0,0,5,sports-watch,3
【Sports Watch】中田翔が告白「“そんくらい別にええやんけ”って思ってた」,sports-watch,7,3,1,0,sports-watch,1
ふぉっくす紺子だよ！完売の声がぞくしゅつちゅう【紺子にゅうす】,it-life-hack,1,0,1,2,it-life-hack,3
【オトナ女子映画部】美しく頭も良いのに輝けない37歳独女の問題とは？「ヤング≒アダルト」,dokujo-tsushin,1,6,1,6,dokujo-tsushin,3
被災者イジメ「津波で死ねばよかったのに」に非難殺到,topic-news,1,0,6,0,topic-news,8
iPadの独占が終了！　アンドロイドの追撃に市場シェアが96％から67％に大幅ダウン【話題】,kaden-channel,1,2,7,4,kaden-channel,2
東京新名所誕生！「東京スカイツリー周辺散策ガイド（Getting around TokyoSkytree）」【iPhoneアプリ】,smax,6,0,5,4,smax,2
iPhone5、auに独占供給か,topic-news,6,0,7,7,smax,4
315gの最軽量スキャナも登場！PCレスでスキャンデータを活用できる「ADS-2500W」,it-life-hack,1,2,5,7,it-life-hack,4
30代女子を魅力的に見せるものとは,dokujo-tsushin,1,0,7,6,dokujo-tsushin,3
バーバリー新店舗が銀座マロニエ通りにオープン,livedoor-homme,1,0,8,5,peachy,6
【スマホ美女インタビュー】″きれいなお姉さんが使っていたから″という理由でiPhoneを使いはじめた横浜「ballo ballo」スタッフのキャロさん,smax,6,0,4,6,peachy,3
ニコニコ動画の音楽ダウンロード始まる！NicoSoundにJASRACに加えJRCの管理楽曲が対応,it-life-hack,1,0,8,7,it-life-hack,7
“本気過ぎる”女性誌、ダイエット女子の支持を得るワケとは？,peachy,1,7,3,6,dokujo-tsushin,5
ミラ・ジョヴォヴィッチは意外とお茶目？ 『三銃士』メイキング映像公開,movie-enter,1,0,8,6,movie-enter,6
アイコンを変更してフォルダーを目立たせる【知っ得・虎の巻】,it-life-hack,1,0,4,2,it-life-hack,2
【Sports Watch】日本代表・香川の小学校時代“他の子と比べたらずば抜けていた”,sports-watch,7,3,1,2,sports-watch,1
iPhoneユーザー歓喜！？コンビニ無線LAN「LAWSON Wi-Fi」がiPhoneに対応,smax,6,0,8,7,smax,7
コミック150巻が収納できる！　雑誌や写真集も楽しめる7型最軽量クラスの電子ブックリーダー東芝BookPlace DB50【売れ筋チェック】,kaden-channel,2,0,5,4,kaden-channel,4
漫画家の青山景さんが自殺か,topic-news,1,0,8,0,sports-watch,3
NTTドコモの女子力アップスマートフォン「F-09D ANTEPRIMA」に内蔵されている豊富なオリジナルコンツをチェック (2)【レビュー】,smax,1,4,5,7,smax,4
声優を使えば人気爆発？　iPhoneの音声アシスタント機能「Siri」は3月に日本語対応か【話題】,kaden-channel,6,5,1,1,kaden-channel,2
住宅街のパン屋さんで、もちもちベーグルを習ってきました！,peachy,1,0,6,5,dokujo-tsushin,0
ソフトバンク、ヤフーと協業でAndroid向けアプポータルサイト「Yahoo!マーケット」を8月1日から提供開始！2012年冬モデルにプリイン予定,smax,1,4,7,7,smax,4
「生まれ変わっても女がいい」約9割の女性が断言！ 映画『ガール』女性限定試写会,peachy,1,7,7,6,peachy,3
【Sports Watch】俊足すぎるFW＝U-22日本代表・永井の“スピード伝説”とは？,sports-watch,7,3,5,2,sports-watch,1
Facebook使いこなしも指南！ Office系ネットサービスの使い方まで使い方指南【知っ得！虎の巻】,it-life-hack,1,0,4,4,it-life-hack,2
全米で1370万DLを記録、『アベンジャーズ』日本版予告編が遂に解禁,movie-enter,1,5,7,1,movie-enter,6
「まるで中学生」反省文で済ませる浦和フロントに批判殺到,sports-watch,1,0,6,0,topic-news,8
20〜30代男女の7割が“飲みたい”夏の風物詩,dokujo-tsushin,1,0,2,5,dokujo-tsushin,3
色気あるミリタリー｜限定ゲバラフックシャツ by junhashimoto,livedoor-homme,1,0,5,8,dokujo-tsushin,2
衆院を通過しカウントダウン開始！　違法ダウンロード刑罰化改正法案,it-life-hack,1,4,4,1,it-life-hack,8
加入者は追加料金なしでOK！ WOWOWのスマホ向けオンデマンドサービス【デジ通】,it-life-hack,8,4,5,7,it-life-hack,4
森下悠里さんのGカップを3Dで撮影（オフショット編）,livedoor-homme,1,0,5,8,peachy,1
相手の心理や行動を見抜いて分析しよう！「メンタリスト」【iPhoneアプリ】,smax,6,0,1,2,smax,2
【Sports Watch】松井大輔、妻・ローサに気遣いながらの新居選び!?,sports-watch,7,3,5,3,sports-watch,1
【Sports Watch】セルジオ越後氏「試合そのもののレベルも高くなかった。それでも・・・」,sports-watch,7,3,1,0,sports-watch,1
雨の日の外出が楽しくなる！　最新レインシューズ,peachy,1,0,7,5,peachy,0
ダイヤモンドの輝きを手軽にシミュレートできる「EXELCO DIAMOND」【Androidアプリ】,smax,3,0,4,7,smax,2
クリスマス、チャリティでちょっといいことを,dokujo-tsushin,4,0,6,5,peachy,0
痛恨の速度制限でワイマックスがエルテイオーをぶっちぎり！ユニーク過ぎるUQのプロモーション動画をチェックしよう,smax,1,0,8,1,kaden-channel,2
Samsung、Sペン対応10インチタブレット「Galaxy Note 10.1」の発売時期および投入地域などの詳細を発表[Galaxy_Report],smax,1,0,5,7,smax,4
コンパスを使うのは年に１度？　iPhoneで一番不要な機能とは【話題】,kaden-channel,6,2,1,4,kaden-channel,2
目に見えない「透明マント」光学素子が、 映像機器を変える【サイエンスニュース】,kaden-channel,1,6,1,4,kaden-channel,2
“お嬢様”武井咲が制服姿で歌って踊る、小林武史が『愛と誠』音楽プロデュース,movie-enter,1,0,3,6,kaden-channel,6
【終了しました】剛力彩芽に会える！ 映画『プロメテウス』のスペシャルイベントにご招待,movie-enter,1,8,4,8,peachy,6
プラチナバンドにも対応！リニューアルした全部入りスマートフォン「AQUOS PHONE 102SH II」を写真と動画でチェック【レポート】,smax,1,4,5,7,smax,4
24時間しょこたん三昧　本日0時より「中川翔子が売ってみた！独り24時間テレビ」ニコニコ生放送開始,it-life-hack,1,0,7,1,it-life-hack,2
男は「赤よりピンクのアソコを好む」／妥協して失敗した旦那・彼氏の条件など−【恋愛】週間ランキング,peachy,1,0,1,3,peachy,3
吉田麻也、サウサンプトンFC移籍が決定,sports-watch,1,0,0,2,movie-enter,1
NTTドコモ、Xperia arc SO-01CにmicroSDXCカードを装着するとデータが破損される事象を改善するソフトウェア更新を提供開始,smax,1,4,4,7,smax,4
日本を思う気持ちがあると思えない！孫社長 大人の対応がネットで話題,it-life-hack,1,5,6,0,it-life-hack,8
カメラを片手に散策する、東京リラックスゾーン　vol.6,livedoor-homme,1,8,5,8,livedoor-homme,0
シリーズ最恐＆最高の新たな「絶叫」を生む『スクリーム4』の真犯人は誰だ!?,movie-enter,1,0,3,1,movie-enter,5
新境地開拓か、奇行か?　鬼束ちひろ″暴走″の行く末,topic-news,1,0,3,2,sports-watch,5
亀田大毅が敗れた世界戦に衝撃秘話 「全てアニキが悪い」,sports-watch,1,0,0,0,dokujo-tsushin,8
Microsoft、クラウドストレージサービス「SkyDrive」のAndroid向けアプリを公開【Androidアプリ】,smax,3,0,5,7,smax,4
訪朝した藤本氏、「金正恩氏は許してくれたが、藤本殺してやろうというのがいっぱいいる」,topic-news,1,0,6,2,sports-watch,8
スティーブ・ジョブズが広告業界で「名誉の殿堂」入り！【話題】　,kaden-channel,1,2,1,4,kaden-channel,6
インテル社長の自作PCまとめ 吉田社長の個性的な自作機【デジ通】,it-life-hack,8,0,5,4,it-life-hack,2
【今やブームは東コレ系＆ハイブランド！？】今夏OPENのショップを厳選紹介！,livedoor-homme,1,0,1,4,peachy,2
桐谷美玲が“美食”をテーマに新CM出演、CM曲はmoumoon,movie-enter,1,0,3,8,sports-watch,1
「いつまでも売れると思ってんの」 人々のCD離れが深刻に,topic-news,1,0,6,3,sports-watch,3
人間と共存する“操り人形”がハリウッド殿堂入り,movie-enter,1,8,3,1,movie-enter,6
無料PDF作成ソフトを大活用！PDFでビジネスが変わる【知っ得！虎の巻】,it-life-hack,1,0,4,4,it-life-hack,2
【Sports Watch】巨人期待の右腕＝澤村、チームメイトが意外な一面を明かす,sports-watch,7,3,1,2,sports-watch,1
田中防衛大臣の答弁が「酷過ぎる」 	,topic-news,1,0,8,0,sports-watch,8
ナチュラルメイクを格上げ！　マイ・ベストチークを探せ,peachy,1,0,4,8,peachy,2
ナイナイ矢部浩之の卒業文集がネット上で話題に,topic-news,1,7,8,1,topic-news,8
剛力彩芽、ハリウッドデビューするものの「セクシーな声はダメ」,movie-enter,1,8,6,6,movie-enter,1
ワイヤレス・テクノジー・パーク2012：NTTドコモブースにて3GやLTEなどの電波状況を測定する「ブロードバンドフィールドモニタ」を出展,smax,1,4,5,7,smax,4
【Sports Watch】桑田氏語る“イチロー君のヘッドスライディング見たことないでしょ？”,sports-watch,7,3,1,0,sports-watch,1
"NTTドコモの関東・甲信越限定で端末代が10,500円／1台割引になる「家族セット割」は同一回線での複数回適用も可能",smax,1,4,0,7,smax,4
今すぐ食べたい　有名店の爽やかチーズケーキ,peachy,1,0,8,5,peachy,0
AKB48の人気メンバーの“キスの香り付き”写真に「気持ち悪い」と批判相次ぐ,topic-news,1,0,3,0,topic-news,8
オタクは大人のカラダになれない！　幼児体型が増加中！？　【話題】,kaden-channel,1,6,1,0,kaden-channel,3
Macの次期OS「Mountain Lion」の真の狙いとは？ 【役立つセキュリティ】,it-life-hack,1,0,1,2,it-life-hack,5
最愛の友との別れは破滅への序曲となる！ 『ベルセルク』パート2の予告映像が解禁,movie-enter,1,0,0,1,movie-enter,6
【オトナ女子コミック部】26歳で処女。このまま一生“独女”かもしれない私の憂鬱。『ときめかない日記』,dokujo-tsushin,1,6,1,3,dokujo-tsushin,3
ソフトバンク、ARROWS A 101Fにまれにリセットや電源自然切れが発生される不具合でソフトウェア更新を提供開始,smax,0,4,4,7,smax,4
お花見デートで女力アップを！,dokujo-tsushin,1,0,8,6,peachy,0
NTTドコモ、2012年3月期決算説明会を開催！今夏モデルは5月中旬に発表予定でスマホは7割がXi対応へ,smax,1,4,2,7,smax,4
【Sports Watch】野村氏、楽天選手に苦言「許せないプレー」,sports-watch,7,3,1,0,sports-watch,1
【オトナ女子映画部】“運命の人”をキャッチする方法！『セレンディピティ』,dokujo-tsushin,1,8,3,6,dokujo-tsushin,3
“Seventeen”モデル・岡本あずさ「キャバ嬢の仕事って素敵」,movie-enter,1,0,3,6,dokujo-tsushin,1
Twitterの影響力マジパねぇ！　東大駒場校舎で行われた無料耳かきサービスに人だかり,it-life-hack,1,0,8,0,it-life-hack,3
「笑っていいとも!」でローラが大胆発言,topic-news,1,0,3,6,topic-news,1
My Little Loverの名曲が聴けるお台場のクリスマスツリー,peachy,4,0,8,1,peachy,2
AKB48卒業の前田敦子、ソロ2枚目のシングルが映画主題歌に決定,movie-enter,1,8,7,6,movie-enter,6
ニコニコ動画、生中継用エンコーダーや画質向上など 新サービスを続々発表【ビデオSALON】,kaden-channel,1,0,5,1,kaden-channel,4
柴咲コウ“しばっちゃうのが、もったいない”「アジエンス」CM曲を発売,movie-enter,1,6,3,0,sports-watch,3
「パワー系朝ごはん」の欠点／モテキャラよりもオイシイ「憎めない女」など−【ライフスタイル】週間ランキング,peachy,1,6,1,3,peachy,3
お出かけの強い味方！地域密着の情報をゲット「ご当地ニュース by ロケタッチ新聞」【iPhoneアプリ】,smax,6,0,5,4,smax,2
大画面で操作しやすい本格派シンセサイザーアプリ「CASSINI Synth for iPad」【iPadアプリ】,smax,1,0,5,7,smax,7
どん底の男を支えた“本当の強さをもつ”ヒロインに、多くの女性が共感,movie-enter,1,7,3,6,movie-enter,5
仮面ライダーへ闘魂注入！ 夢のコラボで“闘う日本人”の曲が完成,movie-enter,1,5,3,2,movie-enter,6
RSSの基本的な使い方 - 転職活動に役立つ！ソーシャルメディア活用術 vol.7,livedoor-homme,1,0,5,4,livedoor-homme,2
3姉妹の成長を瞬間的に捉えた妖艶で可憐な世界観,it-life-hack,1,0,0,6,movie-enter,0
北朝鮮が元専属料理人に接触、“身の安全を徹底的に担保する”と訪朝打診,topic-news,1,8,0,2,topic-news,8
思いがけない出会いを引き寄せた行動とは？,dokujo-tsushin,1,6,6,2,dokujo-tsushin,5
愛するわんこと幸せに暮らそう「わん！LOVE」プロジェクト,peachy,1,0,8,8,dokujo-tsushin,0
NHKで“放送事故”、女性ピアニストの胸がポロリ,topic-news,1,7,3,6,topic-news,8
『弁護士イーライ』のプロデューサーが、ジョージ・マイケルの出演について語る,movie-enter,1,0,7,1,movie-enter,6
「麻雀必勝法か」亀田興毅の対戦相手にドッチラケの声,sports-watch,1,0,8,0,sports-watch,1
ひとり時間がオンナを創る！,dokujo-tsushin,1,0,3,3,dokujo-tsushin,5
今度のレグザフォンは大丈夫？XiやNOTTVに対応した全部入りドコモスマホ「REGZA Phone T-02D」の気になる価格は？,smax,1,4,5,7,smax,4
こういうWiFi名もアリ？　自作自演もある楽しいWiFiアクセスポイント名,it-life-hack,1,0,8,2,it-life-hack,2
「美人で何が悪い！？」 負け美女・小島慶子×犬山紙子対談 3/3,peachy,1,0,7,6,peachy,3
地上100mの幻想的な夜景に酔いしれるクリスマスディナー,peachy,4,0,5,5,peachy,0
「大桃vs麻木バトル」にみる“不倫”の法律的定義,dokujo-tsushin,1,0,3,6,movie-enter,8
【Sports Watch】長友、グレてた中学時代を明かす “部活さぼって……”,sports-watch,7,3,1,0,sports-watch,1
おうちで「カフェごはん」のコツ,dokujo-tsushin,1,0,8,5,dokujo-tsushin,0
【Sports Watch】広島-巨人戦の幕切れに 「どう見たってプロの試合じゃない」,sports-watch,7,3,1,0,sports-watch,1
抑え気味の価格も魅力！　シャープ「LED AQUOS」シリーズに６０型が登場【売れ筋チェック】,kaden-channel,2,0,4,7,kaden-channel,4
長谷部やカズよりも上？ 「小学生が好きなスポーツ選手」に意外な選手が,sports-watch,1,0,6,2,sports-watch,1
“のぼう様”が仕掛けるとんでもない奇襲とは？　コミカルな予告映像が公開,movie-enter,1,6,6,0,movie-enter,5
ホワイトボードは大きなタッチスクリーン、しかもUSBバスパワー！—パナソニック電子黒板「エリート　パナボード」【売れ筋チェック】,kaden-channel,2,0,5,4,kaden-channel,2
ロープロ対応で省スペースPCに喝！　手ごろなRadeon HD 7750搭載グラボ登場！,it-life-hack,1,2,5,7,it-life-hack,4
その圧倒的な画面の美しさ！新しいiPadは絶対買い 【デジ通】,it-life-hack,8,0,4,4,it-life-hack,2
沖縄時間で癒してくれるスペシャルサイト「OKINAHOURS」がオープン,dokujo-tsushin,1,0,8,7,peachy,7
Twitterとテレビを連携！テレビ視聴の楽しみ方を変える NECの「つぶやきプラス」【デジ通】,it-life-hack,8,0,5,4,it-life-hack,2
綾波レイ&アスカが人気キャラクターとコラボ,movie-enter,1,0,8,8,kaden-channel,6
日立から節電と非常時の強い味方になる蓄電システム「エネタス」発売,kaden-channel,1,2,0,7,it-life-hack,2
＜コラム＞名手が愛したパター【ゴルフ特集】,livedoor-homme,1,0,1,8,livedoor-homme,2
“草食男子”はギャルに不人気！　働く女子が好きなのは？,peachy,1,0,3,3,dokujo-tsushin,5
ドリームハウスが「近年稀に見るひどさ」と話題,topic-news,1,2,6,0,topic-news,8
ミス多発！減らないのは当たり前！？　〜要因分析の必要性〜｜実践！問題解決力テスト【第7問】 ,livedoor-homme,1,6,1,0,livedoor-homme,3
東日本大震災の影響を受け変化した“キラキラネーム”に批判噴出,topic-news,1,5,6,0,topic-news,8
【最新キャンギャル＆レースクイーン写真集 東京オートサロン2011】  vol.4 （58枚）,livedoor-homme,1,0,2,8,livedoor-homme,2
【終了しました】ぷるっと肌へシュッ！「白桃肌 ホワイトニングミスト」を3名様にプレゼント,peachy,1,0,4,8,peachy,2
映画『ヴィダル・サスーン』の公開を記念し、カールアイロンを３名様にプレゼント,peachy,1,8,7,8,peachy,6
ソーシャルメディア戦略を加速！グリー、GREE TV（仮）を開発へ,it-life-hack,1,0,5,4,kaden-channel,2
喜びイッパイの田原総一朗　「若い学生たちが、実に面白い。質問がどんどん出てくる！」,livedoor-homme,1,0,6,2,movie-enter,3
「浅田真央が“4キロ激ヤセ”」と女性自身,topic-news,1,7,3,6,sports-watch,1
6月19日は父の日！今年は「親飲み」がおススメ？,dokujo-tsushin,1,0,2,5,peachy,3
インタビュー：林遣都＆桐谷美玲「とにかく、みんなを愛しています」,movie-enter,1,0,4,8,peachy,1
“僕のアニキは神様とお話ができます”　大人気ブログが書籍化,peachy,1,0,3,8,dokujo-tsushin,3
ビジネスマン必読の新書「ビジネス服薬術」が出版、第一印象と心に効くファッションとは？,livedoor-homme,1,0,0,4,livedoor-homme,3
大切な投稿を見逃さない　Facebookに親友の投稿だけを表示する【知っ得！虎の巻】,it-life-hack,1,6,4,2,it-life-hack,2
女性の体をボロボロにするキケンな習慣／美人に見える立ち方講座など−【ビューティー】週間ランキング,peachy,1,7,4,6,peachy,3
まつゆう*お気に入りの隠れ家ガイド,peachy,1,0,5,8,peachy,2
発売が待ち遠しすぎるッ！ジョジョスマホ「L-06D JOJO」第1回 外観を見てみる【レビュー】,smax,1,0,5,4,smax,2
インタビュー：リース・ウィザースプーン「いずれはいい人に巡り合える」,movie-enter,1,0,8,8,movie-enter,6
【Sports Watch】みの、日本代表には「これからですからね」と期待。高畑アナは冷静に一言,sports-watch,7,3,1,2,sports-watch,1
実力と美貌で、ヤングなでしこを支える3人のスター候補,sports-watch,1,0,0,6,sports-watch,1
【Sports Watch】村主千香が疾患を告白も、「元気いっぱいです」,sports-watch,7,3,1,8,sports-watch,1
「喫煙率が下がると肺がん死が増える」に非喫煙者VS.喫煙者のバトル勃発,topic-news,1,0,8,0,topic-news,8
マルチデバイスでしおりを同期！電子書籍の便利な機能【デジ通】,it-life-hack,8,0,4,4,it-life-hack,2
今井メロが「娘の為に病院へ来ない」と話題に,topic-news,1,6,6,3,topic-news,8
【Sports Watch】店員女性がハーフナー・マイクにツイッターで悪口雑言、炎上騒ぎに,sports-watch,7,3,0,6,sports-watch,8
iPhoneの値段が高すぎる！　急成長するブラジルに家電メーカーが国内工場や子会社を作るわけ【話題】,kaden-channel,6,2,4,4,kaden-channel,2
AKB高橋みなみの発言に「五輪選手を侮辱してる」との声,topic-news,1,0,0,0,topic-news,8
【Sports Watch】海老蔵殴打事件、元祖夜遊びJリーガーも“絡まれることはある”,sports-watch,7,3,1,2,sports-watch,1
告訴されたキム・ヨナ、教員資格実習でのトラブルが原因か,topic-news,1,0,6,0,topic-news,8
ゆるキャラ、ネクストジェネレーション,dokujo-tsushin,1,0,8,8,peachy,2
お前らどんだけ起きてんだよ！　朝4時過ぎの朝焼け写真大量につき,it-life-hack,1,0,6,8,it-life-hack,3
高品質なレッツノートの工場！開発現場並みの検査施設【デジ通】,it-life-hack,8,0,0,4,it-life-hack,2
女性を潤す新たな注目ワードは“アミノ酸”,peachy,1,7,3,5,peachy,2
天皇陛下の心臓手術の執刀医・天野医師の経歴が凄いと話題に,topic-news,1,2,0,2,topic-news,8
液晶一体型！新型ワークステーションからインド製携帯電話まで【デジ通】一気読み,it-life-hack,8,2,5,7,it-life-hack,4
かわいいのは綾瀬はるかだけじゃない！　『映画 ひみつのアッコちゃん』の“こだわり”,movie-enter,1,6,3,8,movie-enter,3
Youtubeが7周年！　いまでは1分間で72時間分の動画がアップされるように！,it-life-hack,1,0,7,1,kaden-channel,2
“究極のクリーム”で10年後も20年後もずっと綺麗な素肌,peachy,1,0,7,5,peachy,3
速いのはLTE？WiMAX？手軽に安定した速度測定ができる「RBB TODAY SPEED TEST」【Androidアプリ】,smax,3,0,4,2,smax,7
2012年・夏の浴衣スタイルのカギは帯！,peachy,1,0,7,8,peachy,2
2012年夏モデルでおすすめのスマートフォンはこれだ！多彩なモデルでスマホ乗り換えを加速（元ケータイ販売員2106bpm編）,smax,1,4,5,7,smax,2
香里奈が青木裕子アナに突っ込み「何か発表とかありますか？」,movie-enter,1,0,6,6,dokujo-tsushin,1
2つのシンセで強烈サウンドも思いのまま！実用的に作り込まれた良シンセアプリ「Magellan」【iPadアプリ】,smax,1,0,1,2,smax,2
Evernote 4.0 for Androidが公開！UIの大幅変更や新規機能追加など,smax,3,0,5,7,smax,4
レノボ、プロゴルファーの斉藤愛璃選手とオフィシャル・スポンサーシップ契約を締結,it-life-hack,1,0,0,8,livedoor-homme,6
【編集部的映画批評】ラジオから流れる懐かしの名曲と共に蘇る、青春時代の輝かしい記憶,movie-enter,1,8,0,1,movie-enter,0
非常識？ 余計なお世話？ 辻希美のブログに賛否両論,topic-news,1,0,8,0,topic-news,8
iPhone5やiPad miniは姿を見せるか？アップルのWWDCを日本語で解説,it-life-hack,6,5,8,7,it-life-hack,4
インタビュー：高田里穂「また仮面ライダーオーズのヒロインに」,movie-enter,1,0,8,6,movie-enter,6
渡部豪太「瞬間、瞬間を楽しんで下さい」,peachy,1,0,6,8,peachy,1
KDDI、au向けWiMAX対応Android 4.0 ICS搭載「URBANO PROGRESSO」を発表！世界初の聞き取りやすくする機能「スマートソニックレシーバー」搭載の大人向けスマートフォン,smax,1,4,5,7,smax,7
「笑わない女王」女子柔道・中村美里の笑わないワケ,sports-watch,1,6,6,0,sports-watch,3
エジプトのサッカー場暴動に「世界が日本を見習うべき」  ,sports-watch,1,5,0,2,sports-watch,8
ようやく普及期に入った3DS 専用ソーシャル機能が回り出した【デジ通】,it-life-hack,8,0,4,7,it-life-hack,4
“本当の強さ”に和田アキ子が男泣き、上戸彩が今年一番泣いた映画,movie-enter,1,8,3,0,movie-enter,1
単三乾電池で動く！　12V 型ハイビジョン液晶 TV「PRODIA PRD-LK112」が登場【売れ筋チェック】,kaden-channel,2,0,5,7,kaden-channel,7
日本が好きすぎる外国人IT集団がおもしろビデオで求人募集！【話題】,kaden-channel,1,5,1,1,kaden-channel,2
AKB前田敦子がネタにされファンが大激怒！　日本一下世話なクイズ番組がネットで話題に【話題】,kaden-channel,1,2,1,0,topic-news,8
最強の情報リーダーアプリ登場！これでIT系ニュースの網羅は完璧,it-life-hack,1,2,0,4,it-life-hack,2
ドリムス出演のMステ視聴率が話題,topic-news,1,2,0,1,topic-news,8
“あなたの人生史上、最高の実話”　サンドラ・ブロック最高の演技が待望のリリース,peachy,1,0,3,8,movie-enter,6
バックオーライは縁起が悪い？,dokujo-tsushin,1,0,6,0,dokujo-tsushin,5
【Sports Watch】世界で一番かわいい力持ち,sports-watch,7,3,1,8,sports-watch,1
夏本番だからこそ油断は禁物！ムダ毛処理を見逃すな！！,dokujo-tsushin,1,2,6,0,dokujo-tsushin,3
オリンピック期間中は毎日更新？　Googleロゴがスポーツ関連画像に変化！,it-life-hack,1,0,8,4,it-life-hack,2
“今年の顔”剛力彩芽「きものの魅力をたくさんの方に」,movie-enter,1,0,3,8,movie-enter,1
NTTドコモ向け全部入りFOMAスマホ「ELUGA V P-06D」で本体のみで画面キャプチャする方法を紹介【ハウツー】,smax,1,4,5,7,smax,4
【オトナ女子映画部】20代“モテる女”vs.アラフォー“選ばれる女”『ウソツキは結婚の始まり』,dokujo-tsushin,1,8,3,6,dokujo-tsushin,3
「老後どうすんの？」さんまの質問にメッシが激怒！　テレビが凍りついた瞬間【話題】,kaden-channel,1,2,1,3,kaden-channel,3
お風呂場がベター!?　iPhoneの保護シールがうまく貼れない人にヒント【話題】,kaden-channel,6,6,1,0,kaden-channel,3
「生理的に嫌」ってどういうこと？ ,dokujo-tsushin,1,0,6,0,dokujo-tsushin,3
Interop Tokyo 2012：サイバートランスジャパンがPHSや3G回線を利用した「クラウドLEDによる照明省エネ制御」を展示【レポート】,smax,1,0,5,4,smax,4
通信プラットフォーム企画会社の清算に見る次世代LTE開発の行方,it-life-hack,1,0,0,4,smax,2
もうひと息、ホームメイドアイスで猛暑を乗り切れ！アイスクリームメーカー特集,kaden-channel,1,0,8,5,kaden-channel,0
GALAXY SIIIが圧倒的人気！　MMD研究所「2012年夏発売の携帯電話スマートフォン新端末購入意欲調査」,it-life-hack,1,4,5,7,smax,7
コスメ業界最前線レポート！　“TCC”で注目アイテムをチェック,peachy,1,0,3,4,peachy,2
おはこんこん、ふぉっくす紺子だよ！新しいおしらせ【紺子にゅうす】,it-life-hack,1,0,1,2,it-life-hack,3
【話題】クリスマスプレゼントの人気はタブレット端末！　アメリカでの普及は？,kaden-channel,4,2,1,7,kaden-channel,2
電池パック2個＆専用バッテリー充電器付属などの充実のバッテリー環境！コンパクトなXiスマホ「Optimus it L-05D」のバッテリーベンチマークを実施【レポート】,smax,1,4,5,7,smax,4
“IQ201で餃子好き”当麻の左手は神か悪魔か,movie-enter,1,0,3,2,smax,3
起業家のための事業継続支援サイト「開業計画NAVI」を立ち上げ！,it-life-hack,1,0,0,4,peachy,2
クリストファー・プラマー、『人生はビギナーズ』で助演男優賞,movie-enter,1,0,8,8,movie-enter,6
Macの隠し機能を使うアプリ！長寿命の無線マウスから最新PCまで一挙紹介【ITフラッシュバック】,it-life-hack,1,2,4,4,it-life-hack,2
ソフトバンク、Android 4.0で使用したmicroSDカードをAndroid 2.xで使用すると著作権保護機能付きコンテンツが消去されるケースがあると案内,smax,3,0,4,7,smax,4
女医が教えるオンナの体ウソホント vol.5「どうしたらＨが気持ちよくなるの？」,dokujo-tsushin,1,0,6,3,dokujo-tsushin,3
少ない時間で気分転換＆リラックスするために——、休憩中に求めるものとは？,dokujo-tsushin,1,8,6,3,dokujo-tsushin,5
話題の3Dビデオカメラ『GS-TD1』で横浜のデートスポットを撮ってみた！,livedoor-homme,1,2,7,1,kaden-channel,2
人恋しい季節の到来−冬にひとりはさみしいヨネ！,dokujo-tsushin,1,0,8,3,dokujo-tsushin,0
運転免許の効果測定や仮免許試験の範囲を勉強できる「仮免奪取！」【Androidアプリ】,smax,3,0,4,7,smax,2
１位は友達！　あなたは１週間でいちばん誰に多くメールする？【話題】,kaden-channel,1,2,1,3,kaden-channel,3
女を磨く“植物学”入門 Vol.4 “愛と美”をもたらすバラの世界,peachy,1,0,3,6,livedoor-homme,3
【Sports Watch】ギャルファー・金田久美子を励ました“元エース”の言葉,sports-watch,7,3,1,2,sports-watch,1
ボーズ、シンプルで簡単な操作パネルの高音質スピーカープロセッサーを発表【売れ筋チェック】,kaden-channel,2,0,4,7,kaden-channel,4
スローな時間がごちそうになるオーガニックカフェ「カフェスロー」,peachy,1,0,8,5,peachy,0
コペルニクス的転回的なGPU登場！ITニュースの1週間を振り返る【ITフラッシュバック】,it-life-hack,1,2,5,2,it-life-hack,2
「勝手な広告出すな!」韓国への感謝広告に批判殺到 	,topic-news,1,0,0,0,topic-news,8
間違いだらけのお金の使い方／「女って面倒」と思った瞬間など−【ライフスタイル】週間ランキング,peachy,1,0,1,3,peachy,3
【2011下半期アワードvol.4】やっぱり、ジェニファー・アニストンはセクシーだった,movie-enter,1,0,5,6,movie-enter,1
本日事前予約開始！急速充電にも対応した横置き可能な「MEDIAS X N-07D」の卓上ホルダをチェック【レビュー】,smax,1,4,5,7,smax,4
"キング・テック、SimejiプリインストールのAndroid 4.0タブレット「IMPRESSION」を1万3,980円で販売！キャンペーンで1,000円値引きも",smax,1,0,8,7,smax,4
NTTドコモ、spモードメールアプリをバージョンアップ！複数の不具合修正やMyインフォメールの国内受信料無料化など,smax,1,4,5,7,smax,4
野郎ども、バグにツイートをくれてやれ！『スターシップ・トゥルーパーズ：インベイジョン』キャンペーンが開始,movie-enter,1,4,4,0,peachy,6
Xi対応最軽量スマホ「Xperia SX SO-05D」でXperia ray SO-03Dの電池パックが使える！？実際に試してみた【レポート】,smax,1,4,5,7,smax,4
お肌に優しいから安心　紫外線が気になる独女の夏の対策とは？,dokujo-tsushin,1,2,0,3,dokujo-tsushin,3
恋に効くコラムLesson2　恋愛を長く休みがち…。新しい恋に出会うには？,peachy,1,0,8,3,peachy,5
ソフトバンク、PANTONE 5 107SHの放射線測定アプリをより使いやすくするためにソフトウェア更新を提供開始,smax,1,4,4,7,smax,4
アノなめこがiPhoneカバーになった！　「おさわり探偵 なめこ栽培キット」のiPhoneカバー登場！,it-life-hack,6,2,8,8,it-life-hack,2
応募された履歴書を使ってFacebookでなりすまし！　個人情報の悪用に要注意【話題】,kaden-channel,1,2,4,4,kaden-channel,2
ロンブー・田村淳のツイートにパクリ疑惑が浮上,topic-news,1,0,8,0,topic-news,8
【記事連動】Nikon 1 V1の10倍ズームレンズの作例【ビデオSALON】,kaden-channel,1,0,2,1,kaden-channel,4
『アメイジング・スパイダーマン』新予告が全世界で解禁,movie-enter,1,0,7,1,movie-enter,6
業界初！　富士通など、自社回収したＣＤ／ＤＶＤをノートパソコンに再生利用【話題】,kaden-channel,1,2,4,4,kaden-channel,4
【五輪サッカー】 韓国に負けたイギリス代表に英ネットユーザーから批判相次ぐ,topic-news,1,7,0,0,topic-news,8
ちょい悪なオヤジゴルファーから学べ　【ゴルフコラム vol.5】,livedoor-homme,1,2,1,0,livedoor-homme,3
1枚のイラストから始まった一大プロジェクト「ブラック★ロックシューター」限定プレミアfigmaが解禁,movie-enter,1,2,7,8,movie-enter,2
【特集/JOURNEY】 刺激的で優しいアラブの国へ　（1/8）,livedoor-homme,1,0,2,2,livedoor-homme,2
「メガロス」1日無料体験チケットをブロガー限定プレゼント,peachy,1,0,5,8,peachy,2
ソフトバンク、プラチナバンド対応かんたん携帯「かんたん携帯 108SH」を発表！わかりやすいキー操作や相手の声がはっきり聞こえる「トリプルくっきりトーク」を搭載,smax,1,0,8,7,smax,4
ポイズンが足りない！　新ＧＴＯは反町版ＧＴＯと何が違うのか【話題】,kaden-channel,1,6,1,0,kaden-channel,3
富士通研究所、普通のスマホやケータイで3D撮影を可能にする技術を開発,smax,1,4,0,7,kaden-channel,4
ワイヤレスジャパン2012にてネットワークサービスを中心に紹介していたドコモブース【レポート】,smax,1,4,4,7,smax,2
震災から2週間以上経った今、広報ウーマンが自ら考え、会社に働きかけたこと,peachy,1,2,7,2,movie-enter,1
競合より安い提案金額なのに負ける！？　〜課題解決とは？〜｜実践！問題解決力テスト【第5問】 ,livedoor-homme,1,0,1,0,livedoor-homme,3
インタビュー：FXママ　Mayuhime「FXは人生を楽しむ為の手段」,peachy,1,0,0,3,movie-enter,2
「転職できる力」養成講座　その6 ： 『仕事ができる人、会社に必要な人』,livedoor-homme,1,0,0,4,livedoor-homme,3
脳の気分をコントロールして“天才”になる 【新生活特集】,livedoor-homme,1,0,1,8,livedoor-homme,2
３D映像にハマる！ソニーのゴーグル型ディスプレイHMZ-T1【売れ筋チェック】,kaden-channel,2,0,5,4,kaden-channel,2
明日は我が身、“闇”に飲まれる債務者たちの転落人生,movie-enter,1,0,3,3,dokujo-tsushin,5
１人暮らしに最適！ハイアールからワンタッチ温め対応のレンジ「JM-V16A」が登場,kaden-channel,1,2,5,8,it-life-hack,4
数字に強い高学歴女子モデルがレポート「“外貨預金”ってイケてる!?」,livedoor-homme,1,0,3,6,peachy,3
中森明夫氏がAKB48高橋みなみの母親逮捕を報じない大手マスコミに怒り,topic-news,1,6,0,0,topic-news,8
【Sports Watch】恐れを知らない松村アナ、武藤＆蝶野に無礼連発,sports-watch,7,3,1,0,sports-watch,1
女性たちが望む快適空間とは？,dokujo-tsushin,1,7,6,3,dokujo-tsushin,5
5000以上のタイトルが見放題！使ってわかった楽しすぎる「dマーケット VIDEOストア Powered by BeeTV」の秘密に迫る,smax,1,0,8,4,dokujo-tsushin,2
【週末映画まとめ読み】AKB48、ステージ裏の過酷な姿 ＜12月31日号＞,movie-enter,1,8,2,1,movie-enter,1
カワイイけど難しい“カワむず”なパズルゲーム「ねこずらし」が楽しい【iPhoneでチャンスを掴め】,it-life-hack,6,0,1,0,it-life-hack,3
脱マンネリ！ 定番女子会をランクアップ ,peachy,1,0,8,6,kaden-channel,2
オシャレでかわいいミニラボの「バブーシュ」で、お部屋でこっそりパリジェンヌ気分【プレゼント有】,peachy,1,0,1,8,peachy,0
ソニーモバイル、LTE対応3.7インチコンパクトスマートフォン「Xperia SX」を発表！おサイフケータイやワンセグ、赤外線にも対応,smax,1,4,5,7,smax,4
ファーガソン監督のスコットランド訛りに苦戦する香川真司　現地ファンからは同情の声も,topic-news,1,8,0,0,sports-watch,8
シャンパンと薔薇のバスリチュアルで癒されるクリスマス,peachy,4,0,8,5,peachy,0
メッシの父が語る、“異例の”バルセロナ入団,sports-watch,1,0,3,2,sports-watch,1
【Sports Watch】巨人・坂本、今季を振り返る「なんなんでしょうかね」,sports-watch,7,3,1,2,sports-watch,1
今夏は地上200メートルの天空プールでバカンスを,livedoor-homme,1,0,0,5,movie-enter,0
忘れそうになってた！孫社長の格言的な言葉が話題,it-life-hack,1,2,6,0,it-life-hack,3
短期連載 世界基準の仕事術 vol.1 【三木谷浩史×星野佳路×村上龍 スペシャルトークセッション】 ,livedoor-homme,1,0,5,2,livedoor-homme,1
橋下徹大阪市長の女性問題、ネットの声は？,topic-news,1,7,8,3,topic-news,5
J歴代6位の年俸から、“見事な右肩下がり”で落ちていった武田修宏,sports-watch,1,2,7,2,sports-watch,1
【Sports Watch】ダルビッシュが衝撃の告白、新球種を生み出した,sports-watch,7,3,1,2,sports-watch,1
新型MBP登場で盛り上がったWWDC！ iPhone 5も7インチiPad miniもなし！,it-life-hack,6,2,5,2,it-life-hack,7
【終了しました】映画『パラダイス・キス』DVD発売を記念して「向井理＆北川景子直筆サイン入りプレスシート」を1名様にプレゼント,peachy,1,8,4,8,peachy,6
独女たちの想定外,dokujo-tsushin,1,0,8,3,dokujo-tsushin,8
旧式Macで禁断のパワーアップ！最新PCやソフトを一挙にチェック【ITフラッシュバック】,it-life-hack,1,0,5,7,it-life-hack,2
コトが終わったあとのピロートークは必要か,dokujo-tsushin,1,0,6,2,dokujo-tsushin,3
同族嫌悪? 独男と独女が考えるお互いの問題点,dokujo-tsushin,1,0,8,3,dokujo-tsushin,3
【Sports Watch】カズ、松井にエール「僕に言わせれば赤ん坊」,sports-watch,7,3,1,2,sports-watch,1
たった４秒で測定完了！計測した体重は簡単にアプリやパソコンに転送！　オムロンが発売の体重計をチェック【売れ筋チェック】,kaden-channel,2,0,4,4,kaden-channel,2
"サラリーマン格差社会の現実、借金or貯蓄1,000万円に二極化",livedoor-homme,1,0,0,3,livedoor-homme,8
「ドモホルンリンクル」の再春館製薬所が贈る、人の絆をつむぐムービーアプリ,dokujo-tsushin,1,0,3,1,peachy,0
【元気東北・山形編】田舎がないのに懐かしいと思ってしまう理由,movie-enter,1,6,1,3,movie-enter,3
DVD起動でもアプリが使える 便利なUbuntuの使い方【デジ通】,it-life-hack,8,0,4,7,it-life-hack,2
【Sports Watch】韓国・全北サポーターが卑劣な横断幕、セレッソは悔やまれる敗戦,sports-watch,7,3,1,0,sports-watch,8
K-1ファイトマネー未払い問題に突然の告白「被害は日本人でナンバー2」,sports-watch,1,5,7,0,sports-watch,8
スマホを買ったらまずFacebook？　Androidユーザーがよく使うアプリはアプリストアとFacebook【話題】,kaden-channel,1,2,4,4,it-life-hack,2
『トワイライト』ロバート・パティンソンの次なる目標はカンヌ！,movie-enter,1,0,8,2,movie-enter,6
【Sports Watch】田中将大＆里田まい、揃って交際認める,sports-watch,7,3,4,2,sports-watch,1
独女通信が見た「独女たちの5年の軌跡」Vol.2 〜独女たちの悩みは「タバコ顔」と「男の浮気癖」〜,dokujo-tsushin,1,0,3,3,dokujo-tsushin,3
“世界一過激なコメディアン”がビキニ美女とカンヌを“独裁”,movie-enter,1,0,3,6,sports-watch,3
「スター・ウォーズ3D」のポスター公開！ダース・モールのライトセーバーが輝く,movie-enter,1,0,7,1,movie-enter,6
甘酸っぱさが人を惑わす、罪作りなチョコレート,peachy,1,0,6,5,peachy,3
ドラフト1位・藤岡貴裕投手の守備位置が「広すぎ」と話題に,topic-news,1,2,7,2,topic-news,1
男性の言い分「独女の食事スタイル、ここが納得いかない！」,dokujo-tsushin,1,6,6,3,dokujo-tsushin,3
脳の損傷はヘロイン級？　ネット中毒の若者の脳が壊れている・・・【話題】,kaden-channel,1,7,1,0,kaden-channel,3
【Sports Watch】小川、谷亮子の出馬に「絶対に無理」,sports-watch,7,3,1,0,sports-watch,1
「ザスパ草津」が新チーム名発表も“異議あり”の声,sports-watch,1,0,3,0,sports-watch,8
七夕の願いは済んだ？　短冊に書かれたユニークな願いが話題に,it-life-hack,1,2,6,8,it-life-hack,3
ケイト・ベッキンセール主演『アンダーワールド 覚醒』が全米初登場1位,movie-enter,1,2,7,1,movie-enter,6
イチゴ（1月15日）の日に限定コラボスイーツ誕生,peachy,1,0,2,5,peachy,0
Audi R8、2度目の「ワールド パフォーマンスカー」の栄誉,livedoor-homme,1,0,7,2,movie-enter,6
揃いの色や柄、オリジナルプリントで一体感！ポロシャツのプロが運営するユニフォームタウン,it-life-hack,1,8,8,1,livedoor-homme,2
【特集/JOURNEY】 刺激的で優しいアラブの国へ　（6/8）,livedoor-homme,1,0,2,2,livedoor-homme,2
ネイマール、バルサ移籍を直訴？,sports-watch,1,0,0,2,sports-watch,8
エコ活動しながらお相手探し！　「クリーンアップ婚活イベント」開催,peachy,1,0,4,8,peachy,0
テレビ放送禁止の「お蔵入り恐怖映像」をウェブで公開,movie-enter,1,0,0,1,kaden-channel,8
【韓国ニュース】李明博大統領の天皇謝罪要求に韓国ネットユーザーも混乱,topic-news,1,7,0,0,topic-news,8
“人類の起源”の謎の答えが隠されているのか、『プロメテウス』スポット映像が公開,movie-enter,1,0,6,2,movie-enter,5
英国の伝統ブランドとのコラボレーションが実現,livedoor-homme,1,0,0,8,peachy,6
パーフェクトをコンボさせて高得点を狙え！おいしそうなお菓子を作るゲーム「マカロン職人」【Androidアプリ】,smax,3,0,4,5,smax,2
乃木坂46に向けられた“大人気ない”ブーイング。サポーター＆企画した運営サイド双方に非難の声,sports-watch,1,6,6,0,sports-watch,8
【力説自動車.web】第1回：クルマ離れなんてウソ！ 震災時こそクルマを！,livedoor-homme,1,0,1,2,livedoor-homme,2
握手会やイベント参加…「アイドル戦国時代」に独女も大量参戦,dokujo-tsushin,1,0,8,6,dokujo-tsushin,8
NTTドコモ、LUMIX Phone P-02Dにタッチパネルの感度設定を追加するなどでソフトウェア更新を提供開始,smax,1,4,5,7,smax,4
【Sports Watch】ザッケローニ監督、チェコ戦に向け宣言 「4-3-3も試してみるつもり」,sports-watch,7,3,5,2,sports-watch,1
【Sports Watch】人気女子ゴルファー、苦難の時代を語る,sports-watch,7,3,1,6,sports-watch,1
光を浴びて白くなる！？　光漂白成分配合のくつクリーナーが新登場！,peachy,1,2,4,8,kaden-channel,2
結束空しく一敗地に塗れた男子柔道、五輪代表は不本意な選出に？,sports-watch,1,0,0,0,sports-watch,8
『G.I.ジョー』が3D化のために公開延期が決定,movie-enter,1,0,7,1,movie-enter,6
スレートPCとスピーカーをセットで！「feel Windows」オープン記念第三段！,it-life-hack,1,0,5,7,it-life-hack,4
他人の自慢話、どうスルーする？,dokujo-tsushin,1,8,6,3,dokujo-tsushin,5
iPhone/iPodユーザー必見！思い出のクリスマスソングをツイートしてヤマハ製品をGET！,livedoor-homme,4,0,4,7,kaden-channel,2
インタビュー：ガジェットウェア代表取締役・内藤美穂「伸びるパターンがわかれば結果は出るもの」,peachy,1,0,8,4,movie-enter,1
KDDI、au向け「MOTOROLA RAZR IS12M」をAndroid 4.0 ICSにOSバージョンアップするなどのソフトウェア更新を提供開始,smax,1,4,5,7,smax,7
“金総書記死亡”に対する韓国での反応,topic-news,1,0,3,0,topic-news,8
長友が語る本田圭佑の面白さ「分かってないんです、周りの反応が」,sports-watch,1,6,6,0,sports-watch,1
自由がない？　民主党が所属国会議員にツイッターやブログの自粛要請【話題】,kaden-channel,1,6,1,0,kaden-channel,8
【Sports Watch】ダルビッシュが不満げ「何で俺だけ悪いみたいなってんねん」,sports-watch,7,3,1,0,sports-watch,1
旅にこだわりたい若者から人気！　ネットで世界中の宿やツアーを探せば夏の旅行にまだ間に合う！【HostelsClub】,kaden-channel,1,7,1,5,topic-news,2
今夏、新生“G.I.ジョー”が日本に上陸する,movie-enter,1,5,7,2,movie-enter,6
謎のカウントダウン中！　どうやらNVIDIAが近日中に何かやらかすらしい！,it-life-hack,1,0,6,2,it-life-hack,5
監督が予想しなかったラブストーリーと“映画通ほどダマされる”結末,movie-enter,1,8,6,0,movie-enter,3
【Sports Watch】なでしこジャパンの体質 「苦しい時ほど無理くり笑う」,sports-watch,7,3,1,0,sports-watch,1
男性が言う“カッコイイ”はアテにならない？,dokujo-tsushin,1,1,6,0,dokujo-tsushin,5
【最近のオススメ「Androidアプリ」特集：2012年7月23〜29日編】,smax,3,0,2,4,smax,2
ブロガーから大きな支持を得たスキンケアアイテムとは,dokujo-tsushin,1,2,6,8,peachy,8
次世代PSなのか!? 部屋と一体になる映像システムのコンセプト映像公開—ソニー【売れ筋チェック】,kaden-channel,2,0,1,4,kaden-channel,2
知らない人は宝の持ち腐れ！隠し機能を利用できる神アプリを解説 - Mac必須アプリ (4)【デジ通】,it-life-hack,8,6,5,4,it-life-hack,2
【韓国ニュース】領土主張でメダル保留、韓国専門家は「やれるものならやってみろ」,topic-news,1,1,1,2,topic-news,8
自宅で究極のコーヒー体験を！　ネスレネスプレッソ、シンプルで最新機能搭載の新コーヒーメーカー「Ｕ（ユー）」を発売【売れ筋チェック】,kaden-channel,2,0,5,5,kaden-channel,2
シャープ、NTTドコモ向け「AQUOS PHONE st SH-07D」購入者にGLORY HILLロゴ入りリアカバーを抽選でプレゼントするデビューキャンペーンを実施中,smax,1,4,5,7,smax,7
【話題】押すとしゃべる！　テレ東が「ピカチュウリモコン」を７，７７７名にプレゼント！,kaden-channel,1,2,1,4,peachy,2
節電対策の暖房器具選定は夏のうちに【デジ通】,kaden-channel,8,0,0,7,it-life-hack,2
今が買い時！Windows Phone 7.5搭載の「Windows Phone IS12T」が一括0円に！一部店舗では機種変更も一括価格で投売り【レポート】,smax,6,0,5,7,smax,4
ドコモユーザー大丈夫？　あなたのケータイが今週いっぱいで使えなくなるかも【ニュース】,kaden-channel,1,4,1,3,kaden-channel,3
緊急速報！ちょっとしたアクシデントも発生！最強の電子ブックリーダー「kobo Touch」開封レポ,it-life-hack,1,0,4,4,kaden-channel,2
くさったよめがあらわれた！vol.06「専業主婦ってやることいっぱい、暇じゃないんだから!?」presented by ゆるっとcafe,dokujo-tsushin,1,6,6,3,dokujo-tsushin,3
 「ONE PIECE」で人権教育 ネットで物議,topic-news,1,7,0,0,topic-news,7
鳩山元首相の”ありえない”暴言に批判殺到,topic-news,1,6,3,0,topic-news,8
2012年、男性ターゲットのコラボレーションに商機アリ,livedoor-homme,1,0,0,4,peachy,2
となりの会社のおやつ事情,dokujo-tsushin,1,0,0,5,movie-enter,0
アーセナルに「忘れられた？」　パク・チュヨンが記載漏れ ,sports-watch,1,0,6,0,topic-news,8
リボン好きにはたまらないアイテムが登場！ソフトバンクBBがスマートフォンやケースに貼って気軽にコーディネートを楽しめる超かわいいリボンシールを発売開始,smax,1,6,4,7,smax,2
2台目・3台目のテレビとしておススメ！恵安の超薄型地デジ対応液晶テレビ【売れ筋チェック】,kaden-channel,2,0,5,7,kaden-channel,4
遠慮は得か！？「情けは人のためならず」？,dokujo-tsushin,1,1,6,0,kaden-channel,5
なぜ人類は月を見捨てたのか、映画『アポロ18』で驚愕の事実が明かされる,movie-enter,1,8,7,8,movie-enter,5
7月海の日の連休は、MINI GINZAでワイルドな世界を体感！,livedoor-homme,1,0,7,5,movie-enter,0
JYJユチョン主演のスリリングな恋愛ドラマ『ミス・リプリー』レンタル開始決定,peachy,1,4,0,1,peachy,6
天海祐希が“奇跡の子役”に「母のような気持ち」,movie-enter,1,0,3,6,movie-enter,1
毛抜きから充電器、縁起物まで！　独女の持ち物大調査,dokujo-tsushin,1,2,8,4,dokujo-tsushin,2
ミソジニーの正体とは？,dokujo-tsushin,1,0,6,3,dokujo-tsushin,5
全米No.1映画『リアル・スティール』の予告＆ポスターが公開,movie-enter,1,8,7,1,movie-enter,6
子育ては姉妹や友だちと二人三脚で！？,dokujo-tsushin,1,0,8,3,movie-enter,0
「映画祭を創る、女性たち。」vol.4　コンテンツマーケットディレクター　森下美香さん,peachy,1,7,8,6,dokujo-tsushin,1
スピルバーグが絶賛し、天海祐希と芦田愛菜をも魅了した少年の“魔法”,movie-enter,1,0,6,8,movie-enter,6
iPhone女子ユーザー向けイベント「ガールズ アクセサリー ショーvol.1」開催,peachy,6,0,5,6,peachy,2
【Sports Watch】ゴン中山 「岡崎は42歳まで現役をやるでしょう」,sports-watch,7,3,5,2,sports-watch,1
面倒な画面の明るさ設定はiPhoneを傾けるだけで好みの明るさに！「Tilt de Brightness(明るさ調整)」【iPhoneアプリ】,smax,6,0,4,4,smax,2
ミスチルが書き下ろした主題歌とともに、初恋の出会いを綴る,movie-enter,1,0,0,6,movie-enter,0
ほうれい線を消す筋トレ／後腐れない上手な別れ方−【みんなのお気に入り登録記事】ランキング,peachy,1,6,4,8,peachy,3
映画監督、スポーツ選手ら各界の著名人が『ダークナイト ライジング』を大絶賛,movie-enter,1,8,8,1,movie-enter,6
世界的に盛り上がる、“旧車カスタム”というカルチャー,livedoor-homme,1,0,3,8,dokujo-tsushin,0
東京タワー2人占め！　超豪華デートプランで気分はプリンセス,peachy,1,0,8,8,peachy,0
【Sports Watch】史郎氏がライセンス返上“子どもたちの足を引っ張った”,sports-watch,7,3,3,2,sports-watch,1
でんこちゃんリストラで東電に非難の声も,topic-news,1,0,0,0,topic-news,8
『戦火の馬』ロイヤル・プレミアにウィリアム王子＆キャサリン妃が出席,movie-enter,1,0,8,8,movie-enter,6
おお！この鍵盤弾けるぞ！Googleロゴがシンセサイザーになっている理由,it-life-hack,1,0,6,7,it-life-hack,2
時代が八重歯に追いついた？ 八重歯好き必携の一冊「八重歯ガール」発売,livedoor-homme,1,0,7,2,peachy,3
Webブラウザ「Firefox」がスマートフォンOSに！ Mozillaの「Firefox OS」をパソコン用ビルドで試す【レポート】,smax,1,0,5,4,smax,4
違法ダウンロード刑罰化の次は通信の秘密に踏み込む音楽権利団体,it-life-hack,1,0,0,1,it-life-hack,8
止まぬ紗栄子批判も “養育費月1000万円要求”の信憑性は？,sports-watch,1,0,8,3,livedoor-homme,8
特定の通信を止めることも可能！ netstat以上に便利なTCPView【PC快適術】,it-life-hack,1,0,4,7,it-life-hack,2
【話題】人気のエネループにおいしそうなシリーズが限定登場！,kaden-channel,1,2,1,8,kaden-channel,2
AKB48高橋みなみの母親逮捕、ネットは炎上状態に,topic-news,1,7,7,6,topic-news,8
なぜ、ラフォーレ原宿はファッションのランドマークであり続けるか？,livedoor-homme,1,0,6,8,livedoor-homme,5
コピーライター的発想が「モテ」への一歩！？,dokujo-tsushin,1,0,3,4,it-life-hack,3
カフェで何する？ お茶以外も楽しもう,dokujo-tsushin,1,8,8,5,dokujo-tsushin,0
通話料金が安くなるスマホアプリが登場！,dokujo-tsushin,1,2,4,7,it-life-hack,4
来季に注目、女子ゴルフ界は美女だらけ？,sports-watch,1,0,0,6,dokujo-tsushin,5
【Sports Watch】星野監督、開幕投手を決めた経緯を告白「今バラしますけど……」,sports-watch,7,3,1,2,sports-watch,1
【GOGW映画 一人編】どこまでウソで、どこからホント? 『容疑者、ホアキン・フェニックス』,movie-enter,1,8,1,0,movie-enter,5
「新しい部署での過ごし方がわからない」 - 辛口説教部屋 vol.45,livedoor-homme,1,6,8,0,livedoor-homme,3
ラブロス、家庭用冷蔵庫や車など多用途に使える複合電池式非常用蓄電池を発売【売れ筋チェック】,kaden-channel,2,0,5,7,kaden-channel,4
【スペシャルトークセッション】村上龍×秋元康×ローソンCEO新浪剛史,livedoor-homme,1,0,5,2,livedoor-homme,1
滝口幸広「バレンタインデーは敗北感に満ち溢れる日でした」,peachy,1,0,8,0,peachy,1
ドコモのスマホに強い味方！ドコモ MEDIAS PP N-01D用大容量バッテリー【モバステ通信】,it-life-hack,1,4,5,7,it-life-hack,4
MM総研、2011年度国内携帯電話出荷台数を公表！らくらくホンとARROWSの両柱で富士通が初のシェアトップに,smax,0,0,5,7,smax,4
Twitter に特化した働く女性の情報サイトが誕生！　グルメからイケメンまで充実,peachy,1,7,8,4,it-life-hack,2
人肉食イベント　海外でも物議を醸す,topic-news,1,0,0,0,smax,8
NHK「ひるブラ」で放送事故が発生,topic-news,1,0,8,1,topic-news,8
三池監督が映画『一命』について「満島ひかりがいろんな意味で限界までやっている」,movie-enter,1,8,6,8,movie-enter,1
米裁判所でギャラクシー・ネクサスに販売禁止判決　韓国ネットユーザー「アップル寄りの判決だ」,topic-news,1,7,0,0,topic-news,8
なでしこ惜敗も、驚異の粘りに「男子にもあれは見習ってほしい」,sports-watch,1,0,6,2,sports-watch,1
簡単、清潔！タイガー「スチーム式加湿器 ATC-A300」は電気ポット感覚でお手入れ簡単【売れ筋チェック】,kaden-channel,2,0,5,8,kaden-channel,2
“少女”に戻って楽しみたい！懐カワキャラグッズ百花繚乱,peachy,1,0,3,6,peachy,3
SSDのフォーマットに注意！ eSATA対応外付けケースを活用 “続インテル SSD 520をMacに装着” （中）【デジ通】,it-life-hack,8,0,5,7,it-life-hack,4
【Sports Watch】新大関・把瑠都、突っ張り開眼も「申し訳ない」,sports-watch,7,3,1,2,sports-watch,1
これじゃない感バリバリ！　ファミマの初音ミクコラボ肉まんが話題に,it-life-hack,1,6,6,0,topic-news,2
「日本の侵略戦争がすべてのはじまり」で謹慎のまんべくんが「ごめんなさい。がんばります」と復活していた【話題】,kaden-channel,1,5,6,2,kaden-channel,3
【最近のオススメ「Androidアプリ」特集：2012年7月9〜15日編】,smax,3,0,2,4,smax,2
横浜を見下ろすエレガントなお部屋で過ごすロマンチックナイト,peachy,1,0,8,8,movie-enter,0
NHK大河ドラマに「捏造」の声,topic-news,5,0,3,0,topic-news,8
【オトナ女子のリアルな悩み】好きな人がふたり…。一人にしぼるための方法とは,dokujo-tsushin,1,0,1,3,dokujo-tsushin,3
肩や腕の負担を軽減するExcel／Wordキー操作術【知っ得！虎の巻】,it-life-hack,1,8,4,2,it-life-hack,2
女子バドミントン失格に韓国では「なでしこジャパンの引き分け狙いはOKなのになぜ…」の声,topic-news,1,0,0,0,sports-watch,8
夏目三久が語る「日テレをやめたきっかけ」に疑問の声,topic-news,1,0,6,0,topic-news,8
NTTドコモ、3万台限定！Vivienne Westwoodの世界観を堪能できるコラボモデル「SH-01E Vivienne Westwood」を発表,smax,1,4,5,7,smax,4
長編アニメーション賞はジョニー・デップの『ランゴ』,movie-enter,1,0,8,1,movie-enter,6
一目惚れしそう！かわいいコスメ特集,peachy,1,0,4,8,peachy,3
ちっちゃカワイイ仕草がぱないの！Android向けデスクトップマスコットLiplisに「忍野忍」バージョンが登場【Androidアプリ】,smax,3,6,8,0,smax,2
"NTTドコモ、公式オンラインショップでも端末複数台購入で最大10,500円／台の割り引きが受けられる「家族セット割」を開始",smax,1,4,0,7,smax,4
ぶっかけシーンに9時間！　AKB前田敦子もがんばる「最高の人生の終わり方」の今後に期待【話題】,kaden-channel,1,2,1,3,kaden-channel,3
第9回上映 中平悠里 監督作品 『猫と少女の物語』【ビデオSALON】,kaden-channel,1,0,2,1,kaden-channel,6
締め切り迫る！　人気アプリ「WishScope」開発者がスマートフォン×Facebookアプリのハッカソンイベント「第1回ハッカー道場」を開催！【話題】,kaden-channel,1,2,1,4,kaden-channel,2
「結婚を焦ってる人」と言われたら,dokujo-tsushin,1,0,6,3,dokujo-tsushin,3
シャープ「KI-AX80」は除菌・脱臭・集じん・加湿・美肌効果のよくばり加湿器【売れ筋チェック】,kaden-channel,2,0,5,7,kaden-channel,4
弁当男子座談会：「弁当男子」を続ける理由と味噌汁への憧れ,livedoor-homme,1,0,8,5,dokujo-tsushin,3
「反省がない」賞味期限切れ商品を販売するセブンイレブンの“意識”に呆れ,topic-news,1,6,3,0,sports-watch,8
横浜ベイ新球団名に疑問の声 「企業名なら売名行為にならないの？」,sports-watch,1,1,0,0,topic-news,8
使い方が想像できないと話題！　Googleショッピングで販売中のミシンがすごい【話題】,kaden-channel,1,2,1,4,kaden-channel,2
マンハッタンのリッチな高校生”ゴシップガール シーズン3”日本上陸！,peachy,1,5,8,6,peachy,6
 お父さんは好きですか？,dokujo-tsushin,1,0,6,8,dokujo-tsushin,5
【Sports Watch】試合から半月、対戦した吉田とテセが激闘の裏側を語る,sports-watch,7,3,7,2,sports-watch,1
Twitterのつぶやきでおしりをふいてみる？　おもしろサービス「shitter」【話題】,kaden-channel,1,2,1,0,kaden-channel,2
暑い夏を打ち水でクールダウン！モバイラーならではのクールシェアで節電をしよう,smax,1,1,0,8,it-life-hack,0
外国人が日本で友達を作る最も良い方法は？ ,topic-news,1,5,6,2,movie-enter,5
【DVDエンター！】“ツンデレ女王”満島ひかり、“ダメ人間”妻夫木聡にドS発言,movie-enter,1,0,3,6,movie-enter,1
独女的映画レビュー vol.8　『ブラック・スワン』,dokujo-tsushin,1,8,5,6,dokujo-tsushin,6
梅村ゆずの結婚どころじゃないんですっ！vol.6『最後の砦？結婚相談所！』Presented by ゆるっとcafe,dokujo-tsushin,1,6,8,3,dokujo-tsushin,3
五輪サッカーで日韓が激突、韓国ユーザは「餌を出して試合させるのは間違っている」,topic-news,1,0,6,0,topic-news,8
電子書籍では何が重要なのか？ 本格化する日本の電子書籍【デジ通】,it-life-hack,8,5,1,4,kaden-channel,5
32歳下の女性と結婚のラサール石井に「気持ち悪い」と非難殺到,topic-news,1,7,0,3,topic-news,8
99.5%が“プロの味”と勘違い！　スターバックスが初のスティックコーヒー発売,peachy,1,0,3,5,kaden-channel,2
【終了しました】新たなヒロインは“美しい”暗殺者、映画『コロンビアーナ』試写会にご招待,movie-enter,1,8,1,6,movie-enter,6
ニコニコ動画：Zero地味に改善中！　動画視聴用の「ZeroWatch」新バージョンにアップデート,it-life-hack,1,0,5,7,it-life-hack,4
「銀のさら」CMが「ひどい」とTwitterで話題に,topic-news,1,2,3,0,topic-news,8
DIESELが「0円」でTシャツを販売、公式サイトでも入手可能,livedoor-homme,1,0,7,7,livedoor-homme,4
NTTドコモ、関東・甲信越限定でスマートフォンやケータイを複数台購入時に端末代金を割り引く「ドコモの家族セット割」キャンペーンを開始,smax,1,4,0,7,smax,4
あなたは大丈夫？ファッションの聖地で“イモ女”を大捜査,dokujo-tsushin,1,0,3,6,dokujo-tsushin,3
